Warning: SDK processing. This version only understands SDK XML versions up to 3 but an SDK XML file of version 4 was encountered. This can happen if you use versions of Android Studio and the command-line tools that were released at different times.
e: Daemon compilation failed: Could not connect to Kotlin compile daemon
java.lang.RuntimeException: Could not connect to Kotlin compile daemon
	at org.jetbrains.kotlin.compilerRunner.GradleKotlinCompilerWork.compileWithDaemon(GradleKotlinCompilerWork.kt:204)
	at org.jetbrains.kotlin.compilerRunner.GradleKotlinCompilerWork.compileWithDaemonOrFallbackImpl(GradleKotlinCompilerWork.kt:161)
	at org.jetbrains.kotlin.compilerRunner.GradleKotlinCompilerWork.run(GradleKotlinCompilerWork.kt:132)
	at org.jetbrains.kotlin.compilerRunner.GradleCompilerRunnerWithWorkers$GradleKotlinCompilerWorkAction.execute(GradleCompilerRunnerWithWorkers.kt:76)
	at org.gradle.workers.internal.DefaultWorkerServer.execute(DefaultWorkerServer.java:63)
	at org.gradle.workers.internal.NoIsolationWorkerFactory$1$1.create(NoIsolationWorkerFactory.java:66)
	at org.gradle.workers.internal.NoIsolationWorkerFactory$1$1.create(NoIsolationWorkerFactory.java:62)
	at org.gradle.internal.classloader.ClassLoaderUtils.executeInClassloader(ClassLoaderUtils.java:100)
	at org.gradle.workers.internal.NoIsolationWorkerFactory$1.lambda$execute$0(NoIsolationWorkerFactory.java:62)
	at org.gradle.workers.internal.AbstractWorker$1.call(AbstractWorker.java:44)
	at org.gradle.workers.internal.AbstractWorker$1.call(AbstractWorker.java:41)
	at org.gradle.internal.operations.DefaultBuildOperationRunner$CallableBuildOperationWorker.execute(DefaultBuildOperationRunner.java:204)
	at org.gradle.internal.operations.DefaultBuildOperationRunner$CallableBuildOperationWorker.execute(DefaultBuildOperationRunner.java:199)
	at org.gradle.internal.operations.DefaultBuildOperationRunner$2.execute(DefaultBuildOperationRunner.java:66)
	at org.gradle.internal.operations.DefaultBuildOperationRunner$2.execute(DefaultBuildOperationRunner.java:59)
	at org.gradle.internal.operations.DefaultBuildOperationRunner.execute(DefaultBuildOperationRunner.java:157)
	at org.gradle.internal.operations.DefaultBuildOperationRunner.execute(DefaultBuildOperationRunner.java:59)
	at org.gradle.internal.operations.DefaultBuildOperationRunner.call(DefaultBuildOperationRunner.java:53)
	at org.gradle.internal.operations.DefaultBuildOperationExecutor.call(DefaultBuildOperationExecutor.java:73)
	at org.gradle.workers.internal.AbstractWorker.executeWrappedInBuildOperation(AbstractWorker.java:41)
	at org.gradle.workers.internal.NoIsolationWorkerFactory$1.execute(NoIsolationWorkerFactory.java:59)
	at org.gradle.workers.internal.DefaultWorkerExecutor.lambda$submitWork$0(DefaultWorkerExecutor.java:170)
	at java.base/java.util.concurrent.FutureTask.run(FutureTask.java:264)
	at org.gradle.internal.work.DefaultConditionalExecutionQueue$ExecutionRunner.runExecution(DefaultConditionalExecutionQueue.java:187)
	at org.gradle.internal.work.DefaultConditionalExecutionQueue$ExecutionRunner.access$700(DefaultConditionalExecutionQueue.java:120)
	at org.gradle.internal.work.DefaultConditionalExecutionQueue$ExecutionRunner$1.run(DefaultConditionalExecutionQueue.java:162)
	at org.gradle.internal.Factories$1.create(Factories.java:31)
	at org.gradle.internal.work.DefaultWorkerLeaseService.withLocks(DefaultWorkerLeaseService.java:264)
	at org.gradle.internal.work.DefaultWorkerLeaseService.runAsWorkerThread(DefaultWorkerLeaseService.java:128)
	at org.gradle.internal.work.DefaultWorkerLeaseService.runAsWorkerThread(DefaultWorkerLeaseService.java:133)
	at org.gradle.internal.work.DefaultConditionalExecutionQueue$ExecutionRunner.runBatch(DefaultConditionalExecutionQueue.java:157)
	at org.gradle.internal.work.DefaultConditionalExecutionQueue$ExecutionRunner.run(DefaultConditionalExecutionQueue.java:126)
	at java.base/java.util.concurrent.Executors$RunnableAdapter.call(Executors.java:539)
	at java.base/java.util.concurrent.FutureTask.run(FutureTask.java:264)
	at org.gradle.internal.concurrent.ExecutorPolicy$CatchAndRecordFailures.onExecute(ExecutorPolicy.java:64)
	at org.gradle.internal.concurrent.AbstractManagedExecutor$1.run(AbstractManagedExecutor.java:47)
	at java.base/java.util.concurrent.ThreadPoolExecutor.runWorker(ThreadPoolExecutor.java:1136)
	at java.base/java.util.concurrent.ThreadPoolExecutor$Worker.run(ThreadPoolExecutor.java:635)
	at java.base/java.lang.Thread.run(Thread.java:840)

e: Daemon compilation failed: Could not connect to Kotlin compile daemon
java.lang.RuntimeException: Could not connect to Kotlin compile daemon
	at org.jetbrains.kotlin.compilerRunner.GradleKotlinCompilerWork.compileWithDaemon(GradleKotlinCompilerWork.kt:204)
	at org.jetbrains.kotlin.compilerRunner.GradleKotlinCompilerWork.compileWithDaemonOrFallbackImpl(GradleKotlinCompilerWork.kt:161)
	at org.jetbrains.kotlin.compilerRunner.GradleKotlinCompilerWork.run(GradleKotlinCompilerWork.kt:132)
	at org.jetbrains.kotlin.compilerRunner.GradleCompilerRunnerWithWorkers$GradleKotlinCompilerWorkAction.execute(GradleCompilerRunnerWithWorkers.kt:76)
	at org.gradle.workers.internal.DefaultWorkerServer.execute(DefaultWorkerServer.java:63)
	at org.gradle.workers.internal.NoIsolationWorkerFactory$1$1.create(NoIsolationWorkerFactory.java:66)
	at org.gradle.workers.internal.NoIsolationWorkerFactory$1$1.create(NoIsolationWorkerFactory.java:62)
	at org.gradle.internal.classloader.ClassLoaderUtils.executeInClassloader(ClassLoaderUtils.java:100)
	at org.gradle.workers.internal.NoIsolationWorkerFactory$1.lambda$execute$0(NoIsolationWorkerFactory.java:62)
	at org.gradle.workers.internal.AbstractWorker$1.call(AbstractWorker.java:44)
	at org.gradle.workers.internal.AbstractWorker$1.call(AbstractWorker.java:41)
	at org.gradle.internal.operations.DefaultBuildOperationRunner$CallableBuildOperationWorker.execute(DefaultBuildOperationRunner.java:204)
	at org.gradle.internal.operations.DefaultBuildOperationRunner$CallableBuildOperationWorker.execute(DefaultBuildOperationRunner.java:199)
	at org.gradle.internal.operations.DefaultBuildOperationRunner$2.execute(DefaultBuildOperationRunner.java:66)
	at org.gradle.internal.operations.DefaultBuildOperationRunner$2.execute(DefaultBuildOperationRunner.java:59)
	at org.gradle.internal.operations.DefaultBuildOperationRunner.execute(DefaultBuildOperationRunner.java:157)
	at org.gradle.internal.operations.DefaultBuildOperationRunner.execute(DefaultBuildOperationRunner.java:59)
	at org.gradle.internal.operations.DefaultBuildOperationRunner.call(DefaultBuildOperationRunner.java:53)
	at org.gradle.internal.operations.DefaultBuildOperationExecutor.call(DefaultBuildOperationExecutor.java:73)
	at org.gradle.workers.internal.AbstractWorker.executeWrappedInBuildOperation(AbstractWorker.java:41)
	at org.gradle.workers.internal.NoIsolationWorkerFactory$1.execute(NoIsolationWorkerFactory.java:59)
	at org.gradle.workers.internal.DefaultWorkerExecutor.lambda$submitWork$0(DefaultWorkerExecutor.java:170)
	at java.base/java.util.concurrent.FutureTask.run(FutureTask.java:264)
	at org.gradle.internal.work.DefaultConditionalExecutionQueue$ExecutionRunner.runExecution(DefaultConditionalExecutionQueue.java:187)
	at org.gradle.internal.work.DefaultConditionalExecutionQueue$ExecutionRunner.access$700(DefaultConditionalExecutionQueue.java:120)
	at org.gradle.internal.work.DefaultConditionalExecutionQueue$ExecutionRunner$1.run(DefaultConditionalExecutionQueue.java:162)
	at org.gradle.internal.Factories$1.create(Factories.java:31)
	at org.gradle.internal.work.DefaultWorkerLeaseService.withLocks(DefaultWorkerLeaseService.java:264)
	at org.gradle.internal.work.DefaultWorkerLeaseService.runAsWorkerThread(DefaultWorkerLeaseService.java:128)
	at org.gradle.internal.work.DefaultWorkerLeaseService.runAsWorkerThread(DefaultWorkerLeaseService.java:133)
	at org.gradle.internal.work.DefaultConditionalExecutionQueue$ExecutionRunner.runBatch(DefaultConditionalExecutionQueue.java:157)
	at org.gradle.internal.work.DefaultConditionalExecutionQueue$ExecutionRunner.run(DefaultConditionalExecutionQueue.java:126)
	at java.base/java.util.concurrent.Executors$RunnableAdapter.call(Executors.java:539)
	at java.base/java.util.concurrent.FutureTask.run(FutureTask.java:264)
	at org.gradle.internal.concurrent.ExecutorPolicy$CatchAndRecordFailures.onExecute(ExecutorPolicy.java:64)
	at org.gradle.internal.concurrent.AbstractManagedExecutor$1.run(AbstractManagedExecutor.java:47)
	at java.base/java.util.concurrent.ThreadPoolExecutor.runWorker(ThreadPoolExecutor.java:1136)
	at java.base/java.util.concurrent.ThreadPoolExecutor$Worker.run(ThreadPoolExecutor.java:635)
	at java.base/java.lang.Thread.run(Thread.java:840)

e: Daemon compilation failed: Could not connect to Kotlin compile daemon
java.lang.RuntimeException: Could not connect to Kotlin compile daemon
	at org.jetbrains.kotlin.compilerRunner.GradleKotlinCompilerWork.compileWithDaemon(GradleKotlinCompilerWork.kt:204)
	at org.jetbrains.kotlin.compilerRunner.GradleKotlinCompilerWork.compileWithDaemonOrFallbackImpl(GradleKotlinCompilerWork.kt:161)
	at org.jetbrains.kotlin.compilerRunner.GradleKotlinCompilerWork.run(GradleKotlinCompilerWork.kt:132)
	at org.jetbrains.kotlin.compilerRunner.GradleCompilerRunnerWithWorkers$GradleKotlinCompilerWorkAction.execute(GradleCompilerRunnerWithWorkers.kt:76)
	at org.gradle.workers.internal.DefaultWorkerServer.execute(DefaultWorkerServer.java:63)
	at org.gradle.workers.internal.NoIsolationWorkerFactory$1$1.create(NoIsolationWorkerFactory.java:66)
	at org.gradle.workers.internal.NoIsolationWorkerFactory$1$1.create(NoIsolationWorkerFactory.java:62)
	at org.gradle.internal.classloader.ClassLoaderUtils.executeInClassloader(ClassLoaderUtils.java:100)
	at org.gradle.workers.internal.NoIsolationWorkerFactory$1.lambda$execute$0(NoIsolationWorkerFactory.java:62)
	at org.gradle.workers.internal.AbstractWorker$1.call(AbstractWorker.java:44)
	at org.gradle.workers.internal.AbstractWorker$1.call(AbstractWorker.java:41)
	at org.gradle.internal.operations.DefaultBuildOperationRunner$CallableBuildOperationWorker.execute(DefaultBuildOperationRunner.java:204)
	at org.gradle.internal.operations.DefaultBuildOperationRunner$CallableBuildOperationWorker.execute(DefaultBuildOperationRunner.java:199)
	at org.gradle.internal.operations.DefaultBuildOperationRunner$2.execute(DefaultBuildOperationRunner.java:66)
	at org.gradle.internal.operations.DefaultBuildOperationRunner$2.execute(DefaultBuildOperationRunner.java:59)
	at org.gradle.internal.operations.DefaultBuildOperationRunner.execute(DefaultBuildOperationRunner.java:157)
	at org.gradle.internal.operations.DefaultBuildOperationRunner.execute(DefaultBuildOperationRunner.java:59)
	at org.gradle.internal.operations.DefaultBuildOperationRunner.call(DefaultBuildOperationRunner.java:53)
	at org.gradle.internal.operations.DefaultBuildOperationExecutor.call(DefaultBuildOperationExecutor.java:73)
	at org.gradle.workers.internal.AbstractWorker.executeWrappedInBuildOperation(AbstractWorker.java:41)
	at org.gradle.workers.internal.NoIsolationWorkerFactory$1.execute(NoIsolationWorkerFactory.java:59)
	at org.gradle.workers.internal.DefaultWorkerExecutor.lambda$submitWork$0(DefaultWorkerExecutor.java:170)
	at java.base/java.util.concurrent.FutureTask.run(FutureTask.java:264)
	at org.gradle.internal.work.DefaultConditionalExecutionQueue$ExecutionRunner.runExecution(DefaultConditionalExecutionQueue.java:187)
	at org.gradle.internal.work.DefaultConditionalExecutionQueue$ExecutionRunner.access$700(DefaultConditionalExecutionQueue.java:120)
	at org.gradle.internal.work.DefaultConditionalExecutionQueue$ExecutionRunner$1.run(DefaultConditionalExecutionQueue.java:162)
	at org.gradle.internal.Factories$1.create(Factories.java:31)
	at org.gradle.internal.work.DefaultWorkerLeaseService.withLocks(DefaultWorkerLeaseService.java:264)
	at org.gradle.internal.work.DefaultWorkerLeaseService.runAsWorkerThread(DefaultWorkerLeaseService.java:128)
	at org.gradle.internal.work.DefaultWorkerLeaseService.runAsWorkerThread(DefaultWorkerLeaseService.java:133)
	at org.gradle.internal.work.DefaultConditionalExecutionQueue$ExecutionRunner.runBatch(DefaultConditionalExecutionQueue.java:157)
	at org.gradle.internal.work.DefaultConditionalExecutionQueue$ExecutionRunner.run(DefaultConditionalExecutionQueue.java:126)
	at java.base/java.util.concurrent.Executors$RunnableAdapter.call(Executors.java:539)
	at java.base/java.util.concurrent.FutureTask.run(FutureTask.java:264)
	at org.gradle.internal.concurrent.ExecutorPolicy$CatchAndRecordFailures.onExecute(ExecutorPolicy.java:64)
	at org.gradle.internal.concurrent.AbstractManagedExecutor$1.run(AbstractManagedExecutor.java:47)
	at java.base/java.util.concurrent.ThreadPoolExecutor.runWorker(ThreadPoolExecutor.java:1136)
	at java.base/java.util.concurrent.ThreadPoolExecutor$Worker.run(ThreadPoolExecutor.java:635)
	at java.base/java.lang.Thread.run(Thread.java:840)

exception: c:\Users\saudi\AppData\Local\Pub\Cache\hosted\pub.dev\shared_preferences_android-2.4.11\android\src\main\kotlin\io\flutter\plugins\sharedpreferences\SharedPreferencesPlugin.kt:451:52: warning: unnecessary non-null assertion (!!) on a non-null receiver of type String
exception:       if (value!!.startsWith(LIST_PREFIX) && !value!!.startsWith(JSON_LIST_PREFIX)) {
exception:                                                    ^
exception: c:\Users\saudi\AppData\Local\Pub\Cache\hosted\pub.dev\mapbox_maps_flutter-2.18.0\android\src\main\kotlin\com\mapbox\maps\mapbox_maps\CameraController.kt:17:35: warning: this is a delicate API and its use requires care. Make sure you fully read and understand documentation of the declaration that is marked as a delicate API.
exception:     val cameraOptions = mapboxMap.cameraForCoordinates(
exception:                                   ^
exception: c:\Users\saudi\AppData\Local\Pub\Cache\hosted\pub.dev\mapbox_maps_flutter-2.18.0\android\src\main\kotlin\com\mapbox\maps\mapbox_maps\CameraController.kt:35:35: warning: 'cameraForCoordinateBounds(CoordinateBounds, EdgeInsets? = ..., Double? = ..., Double? = ..., Double? = ..., ScreenCoordinate? = ...): CameraOptions' is deprecated. Deprecated
exception:     val cameraOptions = mapboxMap.cameraForCoordinateBounds(
exception:                                   ^
exception: c:\Users\saudi\AppData\Local\Pub\Cache\hosted\pub.dev\mapbox_maps_flutter-2.18.0\android\src\main\kotlin\com\mapbox\maps\mapbox_maps\CameraController.kt:52:35: warning: 'cameraForCoordinates(List<Point>, EdgeInsets? = ..., Double? = ..., Double? = ...): CameraOptions' is deprecated. Deprecated
exception:     val cameraOptions = mapboxMap.cameraForCoordinates(
exception:                                   ^
exception: c:\Users\saudi\AppData\Local\Pub\Cache\hosted\pub.dev\mapbox_maps_flutter-2.18.0\android\src\main\kotlin\com\mapbox\maps\mapbox_maps\CameraController.kt:66:35: warning: 'cameraForCoordinates(List<Point>, CameraOptions, ScreenBox): CameraOptions' is deprecated. Deprecated
exception:     val cameraOptions = mapboxMap.cameraForCoordinates(
exception:                                   ^
exception: c:\Users\saudi\AppData\Local\Pub\Cache\hosted\pub.dev\mapbox_maps_flutter-2.18.0\android\src\main\kotlin\com\mapbox\maps\mapbox_maps\CameraController.kt:80:35: warning: 'cameraForGeometry(Geometry, EdgeInsets? = ..., Double? = ..., Double? = ...): CameraOptions' is deprecated. Deprecated
exception:     val cameraOptions = mapboxMap.cameraForGeometry(
exception:                                   ^
exception: c:\Users\saudi\AppData\Local\Pub\Cache\hosted\pub.dev\mapbox_maps_flutter-2.18.0\android\src\main\kotlin\com\mapbox\maps\mapbox_maps\EventHandler.kt:69:48: warning: unchecked cast: Any! to List<Long>
exception:       val rawEventTypes = methodCall.arguments as List<Long>
exception:                                                ^
exception: c:\Users\saudi\AppData\Local\Pub\Cache\hosted\pub.dev\mapbox_maps_flutter-2.18.0\android\src\main\kotlin\com\mapbox\maps\mapbox_maps\Extentions.kt:112:63: warning: this API is experimental. It may be changed in the future without notice.
exception: fun ModelScaleMode.toModelScaleMode(): com.mapbox.maps.plugin.ModelScaleMode {
exception:                                                               ^
exception: c:\Users\saudi\AppData\Local\Pub\Cache\hosted\pub.dev\mapbox_maps_flutter-2.18.0\android\src\main\kotlin\com\mapbox\maps\mapbox_maps\Extentions.kt:113:10: warning: this API is experimental. It may be changed in the future without notice.
exception:   return when (this) {
exception:          ^
exception: c:\Users\saudi\AppData\Local\Pub\Cache\hosted\pub.dev\mapbox_maps_flutter-2.18.0\android\src\main\kotlin\com\mapbox\maps\mapbox_maps\Extentions.kt:114:55: warning: this API is experimental. It may be changed in the future without notice.
exception:     ModelScaleMode.VIEWPORT -> com.mapbox.maps.plugin.ModelScaleMode.VIEWPORT
exception:                                                       ^
exception: c:\Users\saudi\AppData\Local\Pub\Cache\hosted\pub.dev\mapbox_maps_flutter-2.18.0\android\src\main\kotlin\com\mapbox\maps\mapbox_maps\Extentions.kt:114:70: warning: this API is experimental. It may be changed in the future without notice.
exception:     ModelScaleMode.VIEWPORT -> com.mapbox.maps.plugin.ModelScaleMode.VIEWPORT
exception:                                                                      ^
exception: c:\Users\saudi\AppData\Local\Pub\Cache\hosted\pub.dev\mapbox_maps_flutter-2.18.0\android\src\main\kotlin\com\mapbox\maps\mapbox_maps\Extentions.kt:115:50: warning: this API is experimental. It may be changed in the future without notice.
exception:     ModelScaleMode.MAP -> com.mapbox.maps.plugin.ModelScaleMode.MAP
exception:                                                  ^
exception: c:\Users\saudi\AppData\Local\Pub\Cache\hosted\pub.dev\mapbox_maps_flutter-2.18.0\android\src\main\kotlin\com\mapbox\maps\mapbox_maps\Extentions.kt:115:65: warning: this API is experimental. It may be changed in the future without notice.
exception:     ModelScaleMode.MAP -> com.mapbox.maps.plugin.ModelScaleMode.MAP
exception:                                                                 ^
exception: c:\Users\saudi\AppData\Local\Pub\Cache\hosted\pub.dev\mapbox_maps_flutter-2.18.0\android\src\main\kotlin\com\mapbox\maps\mapbox_maps\Extentions.kt:119:81: warning: this API is experimental. It may be changed in the future without notice.
exception: fun ModelElevationReference.toModelElevationReference(): com.mapbox.maps.plugin.ModelElevationReference {
exception:                                                                                 ^
exception: c:\Users\saudi\AppData\Local\Pub\Cache\hosted\pub.dev\mapbox_maps_flutter-2.18.0\android\src\main\kotlin\com\mapbox\maps\mapbox_maps\Extentions.kt:120:10: warning: this API is experimental. It may be changed in the future without notice.
exception:   return when (this) {
exception:          ^
exception: c:\Users\saudi\AppData\Local\Pub\Cache\hosted\pub.dev\mapbox_maps_flutter-2.18.0\android\src\main\kotlin\com\mapbox\maps\mapbox_maps\Extentions.kt:121:62: warning: this API is experimental. It may be changed in the future without notice.
exception:     ModelElevationReference.GROUND -> com.mapbox.maps.plugin.ModelElevationReference.GROUND
exception:                                                              ^
exception: c:\Users\saudi\AppData\Local\Pub\Cache\hosted\pub.dev\mapbox_maps_flutter-2.18.0\android\src\main\kotlin\com\mapbox\maps\mapbox_maps\Extentions.kt:121:86: warning: this API is experimental. It may be changed in the future without notice.
exception:     ModelElevationReference.GROUND -> com.mapbox.maps.plugin.ModelElevationReference.GROUND
exception:                                                                                      ^
exception: c:\Users\saudi\AppData\Local\Pub\Cache\hosted\pub.dev\mapbox_maps_flutter-2.18.0\android\src\main\kotlin\com\mapbox\maps\mapbox_maps\Extentions.kt:122:59: warning: this API is experimental. It may be changed in the future without notice.
exception:     ModelElevationReference.SEA -> com.mapbox.maps.plugin.ModelElevationReference.SEA
exception:                                                           ^
exception: c:\Users\saudi\AppData\Local\Pub\Cache\hosted\pub.dev\mapbox_maps_flutter-2.18.0\android\src\main\kotlin\com\mapbox\maps\mapbox_maps\Extentions.kt:122:83: warning: this API is experimental. It may be changed in the future without notice.
exception:     ModelElevationReference.SEA -> com.mapbox.maps.plugin.ModelElevationReference.SEA
exception:                                                                                   ^
exception: c:\Users\saudi\AppData\Local\Pub\Cache\hosted\pub.dev\mapbox_maps_flutter-2.18.0\android\src\main\kotlin\com\mapbox\maps\mapbox_maps\Extentions.kt:218:20: warning: unchecked cast: List<Double?> to List<Double>
exception:       direction(it as List<Double>)
exception:                    ^
exception: c:\Users\saudi\AppData\Local\Pub\Cache\hosted\pub.dev\mapbox_maps_flutter-2.18.0\android\src\main\kotlin\com\mapbox\maps\mapbox_maps\Extentions.kt:349:24: warning: unchecked cast: Any? to List<Double>
exception:   (this["coordinates"] as List<Double>).let { coordinates ->
exception:                        ^
exception: c:\Users\saudi\AppData\Local\Pub\Cache\hosted\pub.dev\mapbox_maps_flutter-2.18.0\android\src\main\kotlin\com\mapbox\maps\mapbox_maps\Extentions.kt:355:17: warning: unchecked cast: Any? to List<Double>?
exception:   (this["bbox"] as List<Double>?)?.let { bbox ->
exception:                 ^
exception: c:\Users\saudi\AppData\Local\Pub\Cache\hosted\pub.dev\mapbox_maps_flutter-2.18.0\android\src\main\kotlin\com\mapbox\maps\mapbox_maps\Extentions.kt:600:28: warning: this API is experimental. It may be changed in the future without notice.
exception: fun com.mapbox.maps.plugin.ModelScaleMode.toFLTModelScaleMode(): ModelScaleMode {
exception:                            ^
exception: c:\Users\saudi\AppData\Local\Pub\Cache\hosted\pub.dev\mapbox_maps_flutter-2.18.0\android\src\main\kotlin\com\mapbox\maps\mapbox_maps\Extentions.kt:601:16: warning: this API is experimental. It may be changed in the future without notice.
exception:   return when (this) {
exception:                ^
exception: c:\Users\saudi\AppData\Local\Pub\Cache\hosted\pub.dev\mapbox_maps_flutter-2.18.0\android\src\main\kotlin\com\mapbox\maps\mapbox_maps\Extentions.kt:602:28: warning: this API is experimental. It may be changed in the future without notice.
exception:     com.mapbox.maps.plugin.ModelScaleMode.VIEWPORT -> ModelScaleMode.VIEWPORT
exception:                            ^
exception: c:\Users\saudi\AppData\Local\Pub\Cache\hosted\pub.dev\mapbox_maps_flutter-2.18.0\android\src\main\kotlin\com\mapbox\maps\mapbox_maps\Extentions.kt:602:43: warning: this API is experimental. It may be changed in the future without notice.
exception:     com.mapbox.maps.plugin.ModelScaleMode.VIEWPORT -> ModelScaleMode.VIEWPORT
exception:                                           ^
exception: c:\Users\saudi\AppData\Local\Pub\Cache\hosted\pub.dev\mapbox_maps_flutter-2.18.0\android\src\main\kotlin\com\mapbox\maps\mapbox_maps\Extentions.kt:603:28: warning: this API is experimental. It may be changed in the future without notice.
exception:     com.mapbox.maps.plugin.ModelScaleMode.MAP -> ModelScaleMode.MAP
exception:                            ^
exception: c:\Users\saudi\AppData\Local\Pub\Cache\hosted\pub.dev\mapbox_maps_flutter-2.18.0\android\src\main\kotlin\com\mapbox\maps\mapbox_maps\Extentions.kt:603:43: warning: this API is experimental. It may be changed in the future without notice.
exception:     com.mapbox.maps.plugin.ModelScaleMode.MAP -> ModelScaleMode.MAP
exception:                                           ^
exception: c:\Users\saudi\AppData\Local\Pub\Cache\hosted\pub.dev\mapbox_maps_flutter-2.18.0\android\src\main\kotlin\com\mapbox\maps\mapbox_maps\Extentions.kt:604:76: warning: this API is experimental. It may be changed in the future without notice.
exception:     else -> { throw java.lang.RuntimeException("Scale mode not supported: $this") }
exception:                                                                            ^
exception: c:\Users\saudi\AppData\Local\Pub\Cache\hosted\pub.dev\mapbox_maps_flutter-2.18.0\android\src\main\kotlin\com\mapbox\maps\mapbox_maps\Extentions.kt:607:28: warning: this API is experimental. It may be changed in the future without notice.
exception: fun com.mapbox.maps.plugin.ModelElevationReference.toFLTModelElevationReference(): ModelElevationReference {
exception:                            ^
exception: c:\Users\saudi\AppData\Local\Pub\Cache\hosted\pub.dev\mapbox_maps_flutter-2.18.0\android\src\main\kotlin\com\mapbox\maps\mapbox_maps\Extentions.kt:608:16: warning: this API is experimental. It may be changed in the future without notice.
exception:   return when (this) {
exception:                ^
exception: c:\Users\saudi\AppData\Local\Pub\Cache\hosted\pub.dev\mapbox_maps_flutter-2.18.0\android\src\main\kotlin\com\mapbox\maps\mapbox_maps\Extentions.kt:609:28: warning: this API is experimental. It may be changed in the future without notice.
exception:     com.mapbox.maps.plugin.ModelElevationReference.GROUND -> ModelElevationReference.GROUND
exception:                            ^
exception: c:\Users\saudi\AppData\Local\Pub\Cache\hosted\pub.dev\mapbox_maps_flutter-2.18.0\android\src\main\kotlin\com\mapbox\maps\mapbox_maps\Extentions.kt:609:52: warning: this API is experimental. It may be changed in the future without notice.
exception:     com.mapbox.maps.plugin.ModelElevationReference.GROUND -> ModelElevationReference.GROUND
exception:                                                    ^
exception: c:\Users\saudi\AppData\Local\Pub\Cache\hosted\pub.dev\mapbox_maps_flutter-2.18.0\android\src\main\kotlin\com\mapbox\maps\mapbox_maps\Extentions.kt:610:28: warning: this API is experimental. It may be changed in the future without notice.
exception:     com.mapbox.maps.plugin.ModelElevationReference.SEA -> ModelElevationReference.SEA
exception:                            ^
exception: c:\Users\saudi\AppData\Local\Pub\Cache\hosted\pub.dev\mapbox_maps_flutter-2.18.0\android\src\main\kotlin\com\mapbox\maps\mapbox_maps\Extentions.kt:610:52: warning: this API is experimental. It may be changed in the future without notice.
exception:     com.mapbox.maps.plugin.ModelElevationReference.SEA -> ModelElevationReference.SEA
exception:                                                    ^
exception: c:\Users\saudi\AppData\Local\Pub\Cache\hosted\pub.dev\mapbox_maps_flutter-2.18.0\android\src\main\kotlin\com\mapbox\maps\mapbox_maps\Extentions.kt:611:91: warning: this API is experimental. It may be changed in the future without notice.
exception:     else -> { throw java.lang.RuntimeException("Model Elevation Reference not supported: $this") }
exception:                                                                                           ^
exception: c:\Users\saudi\AppData\Local\Pub\Cache\hosted\pub.dev\mapbox_maps_flutter-2.18.0\android\src\main\kotlin\com\mapbox\maps\mapbox_maps\Extentions.kt:765:26: warning: type mismatch: inferred type is String? but String was expected
exception:   when (val value = this[it]) {
exception:                          ^
exception: c:\Users\saudi\AppData\Local\Pub\Cache\hosted\pub.dev\mapbox_maps_flutter-2.18.0\android\src\main\kotlin\com\mapbox\maps\mapbox_maps\InteractionsController.kt:22:58: warning: unchecked cast: Any! to kotlin.collections.HashMap<String, Any> /* = java.util.HashMap<String, Any> */
exception:     val arguments: HashMap<String, Any> = call.arguments as? HashMap<String, Any> ?: return
exception:                                                          ^
exception: c:\Users\saudi\AppData\Local\Pub\Cache\hosted\pub.dev\mapbox_maps_flutter-2.18.0\android\src\main\kotlin\com\mapbox\maps\mapbox_maps\InteractionsController.kt:125:58: warning: unchecked cast: Any! to kotlin.collections.HashMap<String, Any> /* = java.util.HashMap<String, Any> */
exception:     val arguments: HashMap<String, Any> = call.arguments as? HashMap<String, Any> ?: return
exception:                                                          ^
exception: c:\Users\saudi\AppData\Local\Pub\Cache\hosted\pub.dev\mapbox_maps_flutter-2.18.0\android\src\main\kotlin\com\mapbox\maps\mapbox_maps\MapInterfaceController.kt:15:55: warning: 'MapLoadingErrorEventData' is deprecated. This data class is deprecated, and will be removed in next major release.
exception: import com.mapbox.maps.extension.observable.eventdata.MapLoadingErrorEventData
exception:                                                       ^
exception: c:\Users\saudi\AppData\Local\Pub\Cache\hosted\pub.dev\mapbox_maps_flutter-2.18.0\android\src\main\kotlin\com\mapbox\maps\mapbox_maps\MapInterfaceController.kt:39:51: warning: 'OnMapLoadErrorListener' is deprecated. This listener is deprecated, and will be removed in next major release. use MapLoadingErrorCallback instead.
exception: import com.mapbox.maps.plugin.delegates.listeners.OnMapLoadErrorListener
exception:                                                   ^
exception: c:\Users\saudi\AppData\Local\Pub\Cache\hosted\pub.dev\mapbox_maps_flutter-2.18.0\android\src\main\kotlin\com\mapbox\maps\mapbox_maps\MapInterfaceController.kt:49:13: warning: this API is experimental. It may be changed in the future without notice.
exception:     mapView.setSnapshotLegacyMode(enabled)
exception:             ^
exception: c:\Users\saudi\AppData\Local\Pub\Cache\hosted\pub.dev\mapbox_maps_flutter-2.18.0\android\src\main\kotlin\com\mapbox\maps\mapbox_maps\MapInterfaceController.kt:53:52: warning: this API is experimental. It may be changed in the future without notice.
exception:   override fun styleGlyphURL(): String = mapboxMap.getStyleGlyphURL()
exception:                                                    ^
exception: c:\Users\saudi\AppData\Local\Pub\Cache\hosted\pub.dev\mapbox_maps_flutter-2.18.0\android\src\main\kotlin\com\mapbox\maps\mapbox_maps\MapInterfaceController.kt:55:63: warning: this API is experimental. It may be changed in the future without notice.
exception:   override fun setStyleGlyphURL(glyphURL: String) = mapboxMap.setStyleGlyphURL(glyphURL)
exception:                                                               ^
exception: c:\Users\saudi\AppData\Local\Pub\Cache\hosted\pub.dev\mapbox_maps_flutter-2.18.0\android\src\main\kotlin\com\mapbox\maps\mapbox_maps\MapInterfaceController.kt:58:15: warning: 'loadStyleUri(String, Style.OnStyleLoaded? = ..., OnMapLoadErrorListener? = ...): Unit' is deprecated. Loading style was revisited in v11, this method is deprecated. IMPORTANT: onMapLoadErrorListener will not be triggered anymore, please refer to documentation for new method to understand how to handle errors.
exception:     mapboxMap.loadStyleUri(
exception:               ^
exception: c:\Users\saudi\AppData\Local\Pub\Cache\hosted\pub.dev\mapbox_maps_flutter-2.18.0\android\src\main\kotlin\com\mapbox\maps\mapbox_maps\MapInterfaceController.kt:61:16: warning: 'OnMapLoadErrorListener' is deprecated. This listener is deprecated, and will be removed in next major release. use MapLoadingErrorCallback instead.
exception:       object : OnMapLoadErrorListener {
exception:                ^
exception: c:\Users\saudi\AppData\Local\Pub\Cache\hosted\pub.dev\mapbox_maps_flutter-2.18.0\android\src\main\kotlin\com\mapbox\maps\mapbox_maps\MapInterfaceController.kt:62:48: warning: 'MapLoadingErrorEventData' is deprecated. This data class is deprecated, and will be removed in next major release.
exception:         override fun onMapLoadError(eventData: MapLoadingErrorEventData) {
exception:                                                ^
exception: c:\Users\saudi\AppData\Local\Pub\Cache\hosted\pub.dev\mapbox_maps_flutter-2.18.0\android\src\main\kotlin\com\mapbox\maps\mapbox_maps\MapInterfaceController.kt:73:15: warning: 'loadStyleJson(String, Style.OnStyleLoaded? = ..., OnMapLoadErrorListener? = ...): Unit' is deprecated. Loading style was revisited in v11, this method is deprecated. IMPORTANT: onMapLoadErrorListener will not be triggered anymore, please refer to documentation for new method to understand how to handle errors.
exception:     mapboxMap.loadStyleJson(
exception:               ^
exception: c:\Users\saudi\AppData\Local\Pub\Cache\hosted\pub.dev\mapbox_maps_flutter-2.18.0\android\src\main\kotlin\com\mapbox\maps\mapbox_maps\MapInterfaceController.kt:76:16: warning: 'OnMapLoadErrorListener' is deprecated. This listener is deprecated, and will be removed in next major release. use MapLoadingErrorCallback instead.
exception:       object : OnMapLoadErrorListener {
exception:                ^
exception: c:\Users\saudi\AppData\Local\Pub\Cache\hosted\pub.dev\mapbox_maps_flutter-2.18.0\android\src\main\kotlin\com\mapbox\maps\mapbox_maps\MapInterfaceController.kt:77:48: warning: 'MapLoadingErrorEventData' is deprecated. This data class is deprecated, and will be removed in next major release.
exception:         override fun onMapLoadError(eventData: MapLoadingErrorEventData) {
exception:                                                ^
exception: c:\Users\saudi\AppData\Local\Pub\Cache\hosted\pub.dev\mapbox_maps_flutter-2.18.0\android\src\main\kotlin\com\mapbox\maps\mapbox_maps\MapInterfaceController.kt:152:22: warning: 'getDebug(): List<MapDebugOptions>' is deprecated. Use `MapView.debugOptions` instead.
exception:     return mapboxMap.getDebug().map { it.toFLTMapDebugOptions() }.toMutableList()
exception:                      ^
exception: c:\Users\saudi\AppData\Local\Pub\Cache\hosted\pub.dev\mapbox_maps_flutter-2.18.0\android\src\main\kotlin\com\mapbox\maps\mapbox_maps\MapInterfaceController.kt:156:15: warning: 'setDebug(List<MapDebugOptions>, Boolean): Unit' is deprecated. Use `MapView.debugOptions` instead.
exception:     mapboxMap.setDebug(debugOptions.map { it!!.toMapDebugOptions() }, value)
exception:               ^
exception: c:\Users\saudi\AppData\Local\Pub\Cache\hosted\pub.dev\mapbox_maps_flutter-2.18.0\android\src\main\kotlin\com\mapbox\maps\mapbox_maps\MapInterfaceController.kt:465:22: warning: this API is experimental. It may be changed in the future without notice.
exception:     return mapboxMap.tileCover(options.toTileCoverOptions(), null)
exception:                      ^
exception: c:\Users\saudi\AppData\Local\Pub\Cache\hosted\pub.dev\mapbox_maps_flutter-2.18.0\android\src\main\kotlin\com\mapbox\maps\mapbox_maps\MapboxMapFactory.kt:27:23: warning: unchecked cast: Any? to Map<String, Any>
exception:     val params = args as Map<String, Any>
exception:                       ^
exception: c:\Users\saudi\AppData\Local\Pub\Cache\hosted\pub.dev\mapbox_maps_flutter-2.18.0\android\src\main\kotlin\com\mapbox\maps\mapbox_maps\MapboxMapFactory.kt:34:43: warning: unchecked cast: Any? to List<Long>
exception:     val eventTypes = params["eventTypes"] as List<Long>
exception:                                           ^
exception: c:\Users\saudi\AppData\Local\Pub\Cache\hosted\pub.dev\mapbox_maps_flutter-2.18.0\android\src\main\kotlin\com\mapbox\maps\mapbox_maps\PerformanceStatisticsController.kt:19:15: warning: this API is experimental. It may be changed in the future without notice.
exception:     mapboxMap.stopPerformanceStatisticsCollection()
exception:               ^
exception: c:\Users\saudi\AppData\Local\Pub\Cache\hosted\pub.dev\mapbox_maps_flutter-2.18.0\android\src\main\kotlin\com\mapbox\maps\mapbox_maps\PerformanceStatisticsController.kt:21:15: warning: this API is experimental. It may be changed in the future without notice.
exception:     mapboxMap.startPerformanceStatisticsCollection(options.toPerformanceStatisticsOptions()) { statistics ->
exception:               ^
exception: c:\Users\saudi\AppData\Local\Pub\Cache\hosted\pub.dev\mapbox_maps_flutter-2.18.0\android\src\main\kotlin\com\mapbox\maps\mapbox_maps\PerformanceStatisticsController.kt:27:15: warning: this API is experimental. It may be changed in the future without notice.
exception:     mapboxMap.stopPerformanceStatisticsCollection()
exception:               ^
exception: c:\Users\saudi\AppData\Local\Pub\Cache\hosted\pub.dev\mapbox_maps_flutter-2.18.0\android\src\main\kotlin\com\mapbox\maps\mapbox_maps\StyleController.kt:436:9: warning: variable 'expected' is never used
exception:     val expected = styleManager.addGeoJSONSourceFeatures(sourceId, dataId, features)
exception:         ^
exception: c:\Users\saudi\AppData\Local\Pub\Cache\hosted\pub.dev\mapbox_maps_flutter-2.18.0\android\src\main\kotlin\com\mapbox\maps\mapbox_maps\StyleController.kt:446:9: warning: variable 'expected' is never used
exception:     val expected = styleManager.updateGeoJSONSourceFeatures(sourceId, dataId, features)
exception:         ^
exception: c:\Users\saudi\AppData\Local\Pub\Cache\hosted\pub.dev\mapbox_maps_flutter-2.18.0\android\src\main\kotlin\com\mapbox\maps\mapbox_maps\StyleController.kt:456:9: warning: variable 'expected' is never used
exception:     val expected = styleManager.removeGeoJSONSourceFeatures(sourceId, dataId, featureIds)
exception:         ^
exception: c:\Users\saudi\AppData\Local\Pub\Cache\hosted\pub.dev\mapbox_maps_flutter-2.18.0\android\src\main\kotlin\com\mapbox\maps\mapbox_maps\StyleController.kt:728:18: warning: this API is experimental. It may be changed in the future without notice.
exception:     styleManager.addStyleModel(modelId, modelUri)
exception:                  ^
exception: c:\Users\saudi\AppData\Local\Pub\Cache\hosted\pub.dev\mapbox_maps_flutter-2.18.0\android\src\main\kotlin\com\mapbox\maps\mapbox_maps\StyleController.kt:733:18: warning: this API is experimental. It may be changed in the future without notice.
exception:     styleManager.removeStyleModel(modelId)
exception:                  ^
exception: c:\Users\saudi\AppData\Local\Pub\Cache\hosted\pub.dev\mapbox_maps_flutter-2.18.0\android\src\main\kotlin\com\mapbox\maps\mapbox_maps\annotation\CircleAnnotationController.kt:167:24: warning: unnecessary safe call on a non-null receiver of type Point
exception:     annotation.geometry?.let {
exception:                        ^
exception: c:\Users\saudi\AppData\Local\Pub\Cache\hosted\pub.dev\mapbox_maps_flutter-2.18.0\android\src\main\kotlin\com\mapbox\maps\mapbox_maps\annotation\CircleAnnotationController.kt:203:13: warning: this API is experimental. It may be changed in the future without notice.
exception:     manager.circleElevationReference = circleElevationReference.toCircleElevationReference()
exception:             ^
exception: c:\Users\saudi\AppData\Local\Pub\Cache\hosted\pub.dev\mapbox_maps_flutter-2.18.0\android\src\main\kotlin\com\mapbox\maps\mapbox_maps\annotation\CircleAnnotationController.kt:203:65: warning: this API is experimental. It may be changed in the future without notice.
exception:     manager.circleElevationReference = circleElevationReference.toCircleElevationReference()
exception:                                                                 ^
exception: c:\Users\saudi\AppData\Local\Pub\Cache\hosted\pub.dev\mapbox_maps_flutter-2.18.0\android\src\main\kotlin\com\mapbox\maps\mapbox_maps\annotation\CircleAnnotationController.kt:212:25: warning: this API is experimental. It may be changed in the future without notice.
exception:     val value = manager.circleElevationReference
exception:                         ^
exception: c:\Users\saudi\AppData\Local\Pub\Cache\hosted\pub.dev\mapbox_maps_flutter-2.18.0\android\src\main\kotlin\com\mapbox\maps\mapbox_maps\annotation\CircleAnnotationController.kt:213:9: warning: this API is experimental. It may be changed in the future without notice.
exception:     if (value != null) {
exception:         ^
exception: c:\Users\saudi\AppData\Local\Pub\Cache\hosted\pub.dev\mapbox_maps_flutter-2.18.0\android\src\main\kotlin\com\mapbox\maps\mapbox_maps\annotation\CircleAnnotationController.kt:213:15: warning: this API is experimental. It may be changed in the future without notice.
exception:     if (value != null) {
exception:               ^
exception: c:\Users\saudi\AppData\Local\Pub\Cache\hosted\pub.dev\mapbox_maps_flutter-2.18.0\android\src\main\kotlin\com\mapbox\maps\mapbox_maps\annotation\CircleAnnotationController.kt:214:31: warning: this API is experimental. It may be changed in the future without notice.
exception:       callback(Result.success(value.toFLTCircleElevationReference()))
exception:                               ^
exception: c:\Users\saudi\AppData\Local\Pub\Cache\hosted\pub.dev\mapbox_maps_flutter-2.18.0\android\src\main\kotlin\com\mapbox\maps\mapbox_maps\annotation\CircleAnnotationController.kt:214:37: warning: this API is experimental. It may be changed in the future without notice.
exception:       callback(Result.success(value.toFLTCircleElevationReference()))
exception:                                     ^
exception: c:\Users\saudi\AppData\Local\Pub\Cache\hosted\pub.dev\mapbox_maps_flutter-2.18.0\android\src\main\kotlin\com\mapbox\maps\mapbox_maps\annotation\CircleAnnotationController.kt:540:16: warning: unnecessary safe call on a non-null receiver of type Point
exception:   this.geometry?.let {
exception:                ^
exception: c:\Users\saudi\AppData\Local\Pub\Cache\hosted\pub.dev\mapbox_maps_flutter-2.18.0\android\src\main\kotlin\com\mapbox\maps\mapbox_maps\annotation\CircleAnnotationEnumsExtensions.kt:7:120: warning: this API is experimental. It may be changed in the future without notice.
exception: fun CircleElevationReference.toCircleElevationReference(): com.mapbox.maps.extension.style.layers.properties.generated.CircleElevationReference {
exception:                                                                                                                        ^
exception: c:\Users\saudi\AppData\Local\Pub\Cache\hosted\pub.dev\mapbox_maps_flutter-2.18.0\android\src\main\kotlin\com\mapbox\maps\mapbox_maps\annotation\CircleAnnotationEnumsExtensions.kt:8:10: warning: this API is experimental. It may be changed in the future without notice.
exception:   return when (this) {
exception:          ^
exception: c:\Users\saudi\AppData\Local\Pub\Cache\hosted\pub.dev\mapbox_maps_flutter-2.18.0\android\src\main\kotlin\com\mapbox\maps\mapbox_maps\annotation\CircleAnnotationEnumsExtensions.kt:9:98: warning: this API is experimental. It may be changed in the future without notice.
exception:     CircleElevationReference.NONE -> com.mapbox.maps.extension.style.layers.properties.generated.CircleElevationReference.NONE
exception:                                                                                                  ^
exception: c:\Users\saudi\AppData\Local\Pub\Cache\hosted\pub.dev\mapbox_maps_flutter-2.18.0\android\src\main\kotlin\com\mapbox\maps\mapbox_maps\annotation\CircleAnnotationEnumsExtensions.kt:9:123: warning: this API is experimental. It may be changed in the future without notice.
exception:     CircleElevationReference.NONE -> com.mapbox.maps.extension.style.layers.properties.generated.CircleElevationReference.NONE
exception:                                                                                                                           ^
exception: c:\Users\saudi\AppData\Local\Pub\Cache\hosted\pub.dev\mapbox_maps_flutter-2.18.0\android\src\main\kotlin\com\mapbox\maps\mapbox_maps\annotation\CircleAnnotationEnumsExtensions.kt:10:108: warning: this API is experimental. It may be changed in the future without notice.
exception:     CircleElevationReference.HD_ROAD_MARKUP -> com.mapbox.maps.extension.style.layers.properties.generated.CircleElevationReference.HD_ROAD_MARKUP
exception:                                                                                                            ^
exception: c:\Users\saudi\AppData\Local\Pub\Cache\hosted\pub.dev\mapbox_maps_flutter-2.18.0\android\src\main\kotlin\com\mapbox\maps\mapbox_maps\annotation\CircleAnnotationEnumsExtensions.kt:10:133: warning: this API is experimental. It may be changed in the future without notice.
exception:     CircleElevationReference.HD_ROAD_MARKUP -> com.mapbox.maps.extension.style.layers.properties.generated.CircleElevationReference.HD_ROAD_MARKUP
exception:                                                                                                                                     ^
exception: c:\Users\saudi\AppData\Local\Pub\Cache\hosted\pub.dev\mapbox_maps_flutter-2.18.0\android\src\main\kotlin\com\mapbox\maps\mapbox_maps\annotation\CircleAnnotationEnumsExtensions.kt:11:5: warning: 'when' is exhaustive so 'else' is redundant here
exception:     else -> throw(RuntimeException("Unsupported CircleElevationReference: $this"))
exception:     ^
exception: c:\Users\saudi\AppData\Local\Pub\Cache\hosted\pub.dev\mapbox_maps_flutter-2.18.0\android\src\main\kotlin\com\mapbox\maps\mapbox_maps\annotation\CircleAnnotationEnumsExtensions.kt:18:5: warning: 'when' is exhaustive so 'else' is redundant here
exception:     else -> throw(RuntimeException("Unsupported CirclePitchAlignment: $this"))
exception:     ^
exception: c:\Users\saudi\AppData\Local\Pub\Cache\hosted\pub.dev\mapbox_maps_flutter-2.18.0\android\src\main\kotlin\com\mapbox\maps\mapbox_maps\annotation\CircleAnnotationEnumsExtensions.kt:25:5: warning: 'when' is exhaustive so 'else' is redundant here
exception:     else -> throw(RuntimeException("Unsupported CirclePitchScale: $this"))
exception:     ^
exception: c:\Users\saudi\AppData\Local\Pub\Cache\hosted\pub.dev\mapbox_maps_flutter-2.18.0\android\src\main\kotlin\com\mapbox\maps\mapbox_maps\annotation\CircleAnnotationEnumsExtensions.kt:32:5: warning: 'when' is exhaustive so 'else' is redundant here
exception:     else -> throw(RuntimeException("Unsupported CircleTranslateAnchor: $this"))
exception:     ^
exception: c:\Users\saudi\AppData\Local\Pub\Cache\hosted\pub.dev\mapbox_maps_flutter-2.18.0\android\src\main\kotlin\com\mapbox\maps\mapbox_maps\annotation\CircleAnnotationEnumsExtensions.kt:38:65: warning: this API is experimental. It may be changed in the future without notice.
exception: fun com.mapbox.maps.extension.style.layers.properties.generated.CircleElevationReference.toFLTCircleElevationReference(): CircleElevationReference {
exception:                                                                 ^
exception: c:\Users\saudi\AppData\Local\Pub\Cache\hosted\pub.dev\mapbox_maps_flutter-2.18.0\android\src\main\kotlin\com\mapbox\maps\mapbox_maps\annotation\CircleAnnotationEnumsExtensions.kt:39:16: warning: this API is experimental. It may be changed in the future without notice.
exception:   return when (this) {
exception:                ^
exception: c:\Users\saudi\AppData\Local\Pub\Cache\hosted\pub.dev\mapbox_maps_flutter-2.18.0\android\src\main\kotlin\com\mapbox\maps\mapbox_maps\annotation\CircleAnnotationEnumsExtensions.kt:40:65: warning: this API is experimental. It may be changed in the future without notice.
exception:     com.mapbox.maps.extension.style.layers.properties.generated.CircleElevationReference.NONE -> CircleElevationReference.NONE
exception:                                                                 ^
exception: c:\Users\saudi\AppData\Local\Pub\Cache\hosted\pub.dev\mapbox_maps_flutter-2.18.0\android\src\main\kotlin\com\mapbox\maps\mapbox_maps\annotation\CircleAnnotationEnumsExtensions.kt:40:90: warning: this API is experimental. It may be changed in the future without notice.
exception:     com.mapbox.maps.extension.style.layers.properties.generated.CircleElevationReference.NONE -> CircleElevationReference.NONE
exception:                                                                                          ^
exception: c:\Users\saudi\AppData\Local\Pub\Cache\hosted\pub.dev\mapbox_maps_flutter-2.18.0\android\src\main\kotlin\com\mapbox\maps\mapbox_maps\annotation\CircleAnnotationEnumsExtensions.kt:41:65: warning: this API is experimental. It may be changed in the future without notice.
exception:     com.mapbox.maps.extension.style.layers.properties.generated.CircleElevationReference.HD_ROAD_MARKUP -> CircleElevationReference.HD_ROAD_MARKUP
exception:                                                                 ^
exception: c:\Users\saudi\AppData\Local\Pub\Cache\hosted\pub.dev\mapbox_maps_flutter-2.18.0\android\src\main\kotlin\com\mapbox\maps\mapbox_maps\annotation\CircleAnnotationEnumsExtensions.kt:41:90: warning: this API is experimental. It may be changed in the future without notice.
exception:     com.mapbox.maps.extension.style.layers.properties.generated.CircleElevationReference.HD_ROAD_MARKUP -> CircleElevationReference.HD_ROAD_MARKUP
exception:                                                                                          ^
exception: c:\Users\saudi\AppData\Local\Pub\Cache\hosted\pub.dev\mapbox_maps_flutter-2.18.0\android\src\main\kotlin\com\mapbox\maps\mapbox_maps\annotation\CircleAnnotationEnumsExtensions.kt:42:76: warning: this API is experimental. It may be changed in the future without notice.
exception:     else -> throw(RuntimeException("Unsupported CircleElevationReference: $this"))
exception:                                                                            ^
exception: c:\Users\saudi\AppData\Local\Pub\Cache\hosted\pub.dev\mapbox_maps_flutter-2.18.0\android\src\main\kotlin\com\mapbox\maps\mapbox_maps\annotation\PointAnnotationController.kt:192:24: warning: unnecessary safe call on a non-null receiver of type Point
exception:     annotation.geometry?.let {
exception:                        ^
exception: c:\Users\saudi\AppData\Local\Pub\Cache\hosted\pub.dev\mapbox_maps_flutter-2.18.0\android\src\main\kotlin\com\mapbox\maps\mapbox_maps\annotation\PointAnnotationController.kt:271:26: warning: 'iconImageCrossFade: Double?' is deprecated. This property has been deprecated and will do no operations. Use PointAnnotationManager.iconImageCrossFade instead
exception:       originalAnnotation.iconImageCrossFade = it
exception:                          ^
exception: c:\Users\saudi\AppData\Local\Pub\Cache\hosted\pub.dev\mapbox_maps_flutter-2.18.0\android\src\main\kotlin\com\mapbox\maps\mapbox_maps\annotation\PointAnnotationController.kt:588:13: warning: this API is experimental. It may be changed in the future without notice.
exception:     manager.iconSizeScaleRange = iconSizeScaleRange.mapNotNull { it }
exception:             ^
exception: c:\Users\saudi\AppData\Local\Pub\Cache\hosted\pub.dev\mapbox_maps_flutter-2.18.0\android\src\main\kotlin\com\mapbox\maps\mapbox_maps\annotation\PointAnnotationController.kt:597:25: warning: this API is experimental. It may be changed in the future without notice.
exception:     val value = manager.iconSizeScaleRange
exception:                         ^
exception: c:\Users\saudi\AppData\Local\Pub\Cache\hosted\pub.dev\mapbox_maps_flutter-2.18.0\android\src\main\kotlin\com\mapbox\maps\mapbox_maps\annotation\PointAnnotationController.kt:680:13: warning: this API is experimental. It may be changed in the future without notice.
exception:     manager.symbolElevationReference = symbolElevationReference.toSymbolElevationReference()
exception:             ^
exception: c:\Users\saudi\AppData\Local\Pub\Cache\hosted\pub.dev\mapbox_maps_flutter-2.18.0\android\src\main\kotlin\com\mapbox\maps\mapbox_maps\annotation\PointAnnotationController.kt:680:65: warning: this API is experimental. It may be changed in the future without notice.
exception:     manager.symbolElevationReference = symbolElevationReference.toSymbolElevationReference()
exception:                                                                 ^
exception: c:\Users\saudi\AppData\Local\Pub\Cache\hosted\pub.dev\mapbox_maps_flutter-2.18.0\android\src\main\kotlin\com\mapbox\maps\mapbox_maps\annotation\PointAnnotationController.kt:689:25: warning: this API is experimental. It may be changed in the future without notice.
exception:     val value = manager.symbolElevationReference
exception:                         ^
exception: c:\Users\saudi\AppData\Local\Pub\Cache\hosted\pub.dev\mapbox_maps_flutter-2.18.0\android\src\main\kotlin\com\mapbox\maps\mapbox_maps\annotation\PointAnnotationController.kt:690:9: warning: this API is experimental. It may be changed in the future without notice.
exception:     if (value != null) {
exception:         ^
exception: c:\Users\saudi\AppData\Local\Pub\Cache\hosted\pub.dev\mapbox_maps_flutter-2.18.0\android\src\main\kotlin\com\mapbox\maps\mapbox_maps\annotation\PointAnnotationController.kt:690:15: warning: this API is experimental. It may be changed in the future without notice.
exception:     if (value != null) {
exception:               ^
exception: c:\Users\saudi\AppData\Local\Pub\Cache\hosted\pub.dev\mapbox_maps_flutter-2.18.0\android\src\main\kotlin\com\mapbox\maps\mapbox_maps\annotation\PointAnnotationController.kt:691:31: warning: this API is experimental. It may be changed in the future without notice.
exception:       callback(Result.success(value.toFLTSymbolElevationReference()))
exception:                               ^
exception: c:\Users\saudi\AppData\Local\Pub\Cache\hosted\pub.dev\mapbox_maps_flutter-2.18.0\android\src\main\kotlin\com\mapbox\maps\mapbox_maps\annotation\PointAnnotationController.kt:691:37: warning: this API is experimental. It may be changed in the future without notice.
exception:       callback(Result.success(value.toFLTSymbolElevationReference()))
exception:                                     ^
exception: c:\Users\saudi\AppData\Local\Pub\Cache\hosted\pub.dev\mapbox_maps_flutter-2.18.0\android\src\main\kotlin\com\mapbox\maps\mapbox_maps\annotation\PointAnnotationController.kt:1255:13: warning: this API is experimental. It may be changed in the future without notice.
exception:     manager.textSizeScaleRange = textSizeScaleRange.mapNotNull { it }
exception:             ^
exception: c:\Users\saudi\AppData\Local\Pub\Cache\hosted\pub.dev\mapbox_maps_flutter-2.18.0\android\src\main\kotlin\com\mapbox\maps\mapbox_maps\annotation\PointAnnotationController.kt:1264:25: warning: this API is experimental. It may be changed in the future without notice.
exception:     val value = manager.textSizeScaleRange
exception:                         ^
exception: c:\Users\saudi\AppData\Local\Pub\Cache\hosted\pub.dev\mapbox_maps_flutter-2.18.0\android\src\main\kotlin\com\mapbox\maps\mapbox_maps\annotation\PointAnnotationController.kt:1646:13: warning: this API is experimental. It may be changed in the future without notice.
exception:     manager.symbolZOffset = symbolZOffset
exception:             ^
exception: c:\Users\saudi\AppData\Local\Pub\Cache\hosted\pub.dev\mapbox_maps_flutter-2.18.0\android\src\main\kotlin\com\mapbox\maps\mapbox_maps\annotation\PointAnnotationController.kt:1655:25: warning: this API is experimental. It may be changed in the future without notice.
exception:     val value = manager.symbolZOffset
exception:                         ^
exception: c:\Users\saudi\AppData\Local\Pub\Cache\hosted\pub.dev\mapbox_maps_flutter-2.18.0\android\src\main\kotlin\com\mapbox\maps\mapbox_maps\annotation\PointAnnotationController.kt:1906:26: warning: 'iconImageCrossFade: Double?' is deprecated. This property has been deprecated and will do no operations. Use PointAnnotationManager.iconImageCrossFade instead
exception:     iconImageCrossFade = iconImageCrossFade,
exception:                          ^
exception: c:\Users\saudi\AppData\Local\Pub\Cache\hosted\pub.dev\mapbox_maps_flutter-2.18.0\android\src\main\kotlin\com\mapbox\maps\mapbox_maps\annotation\PointAnnotationController.kt:1925:16: warning: unnecessary safe call on a non-null receiver of type Point
exception:   this.geometry?.let {
exception:                ^
exception: c:\Users\saudi\AppData\Local\Pub\Cache\hosted\pub.dev\mapbox_maps_flutter-2.18.0\android\src\main\kotlin\com\mapbox\maps\mapbox_maps\annotation\PointAnnotationController.kt:2007:13: warning: 'withIconImageCrossFade(Double): PointAnnotationOptions' is deprecated. Use PointAnnotationManager.iconImageCrossFadeTransition instead
exception:     options.withIconImageCrossFade(it)
exception:             ^
exception: c:\Users\saudi\AppData\Local\Pub\Cache\hosted\pub.dev\mapbox_maps_flutter-2.18.0\android\src\main\kotlin\com\mapbox\maps\mapbox_maps\annotation\PointAnnotationEnumsExtensions.kt:18:5: warning: 'when' is exhaustive so 'else' is redundant here
exception:     else -> throw(RuntimeException("Unsupported IconAnchor: $this"))
exception:     ^
exception: c:\Users\saudi\AppData\Local\Pub\Cache\hosted\pub.dev\mapbox_maps_flutter-2.18.0\android\src\main\kotlin\com\mapbox\maps\mapbox_maps\annotation\PointAnnotationEnumsExtensions.kt:26:5: warning: 'when' is exhaustive so 'else' is redundant here
exception:     else -> throw(RuntimeException("Unsupported IconPitchAlignment: $this"))
exception:     ^
exception: c:\Users\saudi\AppData\Local\Pub\Cache\hosted\pub.dev\mapbox_maps_flutter-2.18.0\android\src\main\kotlin\com\mapbox\maps\mapbox_maps\annotation\PointAnnotationEnumsExtensions.kt:34:5: warning: 'when' is exhaustive so 'else' is redundant here
exception:     else -> throw(RuntimeException("Unsupported IconRotationAlignment: $this"))
exception:     ^
exception: c:\Users\saudi\AppData\Local\Pub\Cache\hosted\pub.dev\mapbox_maps_flutter-2.18.0\android\src\main\kotlin\com\mapbox\maps\mapbox_maps\annotation\PointAnnotationEnumsExtensions.kt:43:5: warning: 'when' is exhaustive so 'else' is redundant here
exception:     else -> throw(RuntimeException("Unsupported IconTextFit: $this"))
exception:     ^
exception: c:\Users\saudi\AppData\Local\Pub\Cache\hosted\pub.dev\mapbox_maps_flutter-2.18.0\android\src\main\kotlin\com\mapbox\maps\mapbox_maps\annotation\PointAnnotationEnumsExtensions.kt:46:120: warning: this API is experimental. It may be changed in the future without notice.
exception: fun SymbolElevationReference.toSymbolElevationReference(): com.mapbox.maps.extension.style.layers.properties.generated.SymbolElevationReference {
exception:                                                                                                                        ^
exception: c:\Users\saudi\AppData\Local\Pub\Cache\hosted\pub.dev\mapbox_maps_flutter-2.18.0\android\src\main\kotlin\com\mapbox\maps\mapbox_maps\annotation\PointAnnotationEnumsExtensions.kt:47:10: warning: this API is experimental. It may be changed in the future without notice.
exception:   return when (this) {
exception:          ^
exception: c:\Users\saudi\AppData\Local\Pub\Cache\hosted\pub.dev\mapbox_maps_flutter-2.18.0\android\src\main\kotlin\com\mapbox\maps\mapbox_maps\annotation\PointAnnotationEnumsExtensions.kt:48:97: warning: this API is experimental. It may be changed in the future without notice.
exception:     SymbolElevationReference.SEA -> com.mapbox.maps.extension.style.layers.properties.generated.SymbolElevationReference.SEA
exception:                                                                                                 ^
exception: c:\Users\saudi\AppData\Local\Pub\Cache\hosted\pub.dev\mapbox_maps_flutter-2.18.0\android\src\main\kotlin\com\mapbox\maps\mapbox_maps\annotation\PointAnnotationEnumsExtensions.kt:48:122: warning: this API is experimental. It may be changed in the future without notice.
exception:     SymbolElevationReference.SEA -> com.mapbox.maps.extension.style.layers.properties.generated.SymbolElevationReference.SEA
exception:                                                                                                                          ^
exception: c:\Users\saudi\AppData\Local\Pub\Cache\hosted\pub.dev\mapbox_maps_flutter-2.18.0\android\src\main\kotlin\com\mapbox\maps\mapbox_maps\annotation\PointAnnotationEnumsExtensions.kt:49:100: warning: this API is experimental. It may be changed in the future without notice.
exception:     SymbolElevationReference.GROUND -> com.mapbox.maps.extension.style.layers.properties.generated.SymbolElevationReference.GROUND
exception:                                                                                                    ^
exception: c:\Users\saudi\AppData\Local\Pub\Cache\hosted\pub.dev\mapbox_maps_flutter-2.18.0\android\src\main\kotlin\com\mapbox\maps\mapbox_maps\annotation\PointAnnotationEnumsExtensions.kt:49:125: warning: this API is experimental. It may be changed in the future without notice.
exception:     SymbolElevationReference.GROUND -> com.mapbox.maps.extension.style.layers.properties.generated.SymbolElevationReference.GROUND
exception:                                                                                                                             ^
exception: c:\Users\saudi\AppData\Local\Pub\Cache\hosted\pub.dev\mapbox_maps_flutter-2.18.0\android\src\main\kotlin\com\mapbox\maps\mapbox_maps\annotation\PointAnnotationEnumsExtensions.kt:50:108: warning: this API is experimental. It may be changed in the future without notice.
exception:     SymbolElevationReference.HD_ROAD_MARKUP -> com.mapbox.maps.extension.style.layers.properties.generated.SymbolElevationReference.HD_ROAD_MARKUP
exception:                                                                                                            ^
exception: c:\Users\saudi\AppData\Local\Pub\Cache\hosted\pub.dev\mapbox_maps_flutter-2.18.0\android\src\main\kotlin\com\mapbox\maps\mapbox_maps\annotation\PointAnnotationEnumsExtensions.kt:50:133: warning: this API is experimental. It may be changed in the future without notice.
exception:     SymbolElevationReference.HD_ROAD_MARKUP -> com.mapbox.maps.extension.style.layers.properties.generated.SymbolElevationReference.HD_ROAD_MARKUP
exception:                                                                                                                                     ^
exception: c:\Users\saudi\AppData\Local\Pub\Cache\hosted\pub.dev\mapbox_maps_flutter-2.18.0\android\src\main\kotlin\com\mapbox\maps\mapbox_maps\annotation\PointAnnotationEnumsExtensions.kt:51:5: warning: 'when' is exhaustive so 'else' is redundant here
exception:     else -> throw(RuntimeException("Unsupported SymbolElevationReference: $this"))
exception:     ^
exception: c:\Users\saudi\AppData\Local\Pub\Cache\hosted\pub.dev\mapbox_maps_flutter-2.18.0\android\src\main\kotlin\com\mapbox\maps\mapbox_maps\annotation\PointAnnotationEnumsExtensions.kt:59:5: warning: 'when' is exhaustive so 'else' is redundant here
exception:     else -> throw(RuntimeException("Unsupported SymbolPlacement: $this"))
exception:     ^
exception: c:\Users\saudi\AppData\Local\Pub\Cache\hosted\pub.dev\mapbox_maps_flutter-2.18.0\android\src\main\kotlin\com\mapbox\maps\mapbox_maps\annotation\PointAnnotationEnumsExtensions.kt:67:5: warning: 'when' is exhaustive so 'else' is redundant here
exception:     else -> throw(RuntimeException("Unsupported SymbolZOrder: $this"))
exception:     ^
exception: c:\Users\saudi\AppData\Local\Pub\Cache\hosted\pub.dev\mapbox_maps_flutter-2.18.0\android\src\main\kotlin\com\mapbox\maps\mapbox_maps\annotation\PointAnnotationEnumsExtensions.kt:81:5: warning: 'when' is exhaustive so 'else' is redundant here
exception:     else -> throw(RuntimeException("Unsupported TextAnchor: $this"))
exception:     ^
exception: c:\Users\saudi\AppData\Local\Pub\Cache\hosted\pub.dev\mapbox_maps_flutter-2.18.0\android\src\main\kotlin\com\mapbox\maps\mapbox_maps\annotation\PointAnnotationEnumsExtensions.kt:90:5: warning: 'when' is exhaustive so 'else' is redundant here
exception:     else -> throw(RuntimeException("Unsupported TextJustify: $this"))
exception:     ^
exception: c:\Users\saudi\AppData\Local\Pub\Cache\hosted\pub.dev\mapbox_maps_flutter-2.18.0\android\src\main\kotlin\com\mapbox\maps\mapbox_maps\annotation\PointAnnotationEnumsExtensions.kt:98:5: warning: 'when' is exhaustive so 'else' is redundant here
exception:     else -> throw(RuntimeException("Unsupported TextPitchAlignment: $this"))
exception:     ^
exception: c:\Users\saudi\AppData\Local\Pub\Cache\hosted\pub.dev\mapbox_maps_flutter-2.18.0\android\src\main\kotlin\com\mapbox\maps\mapbox_maps\annotation\PointAnnotationEnumsExtensions.kt:106:5: warning: 'when' is exhaustive so 'else' is redundant here
exception:     else -> throw(RuntimeException("Unsupported TextRotationAlignment: $this"))
exception:     ^
exception: c:\Users\saudi\AppData\Local\Pub\Cache\hosted\pub.dev\mapbox_maps_flutter-2.18.0\android\src\main\kotlin\com\mapbox\maps\mapbox_maps\annotation\PointAnnotationEnumsExtensions.kt:114:5: warning: 'when' is exhaustive so 'else' is redundant here
exception:     else -> throw(RuntimeException("Unsupported TextTransform: $this"))
exception:     ^
exception: c:\Users\saudi\AppData\Local\Pub\Cache\hosted\pub.dev\mapbox_maps_flutter-2.18.0\android\src\main\kotlin\com\mapbox\maps\mapbox_maps\annotation\PointAnnotationEnumsExtensions.kt:121:5: warning: 'when' is exhaustive so 'else' is redundant here
exception:     else -> throw(RuntimeException("Unsupported IconTranslateAnchor: $this"))
exception:     ^
exception: c:\Users\saudi\AppData\Local\Pub\Cache\hosted\pub.dev\mapbox_maps_flutter-2.18.0\android\src\main\kotlin\com\mapbox\maps\mapbox_maps\annotation\PointAnnotationEnumsExtensions.kt:128:5: warning: 'when' is exhaustive so 'else' is redundant here
exception:     else -> throw(RuntimeException("Unsupported OcclusionOpacityMode: $this"))
exception:     ^
exception: c:\Users\saudi\AppData\Local\Pub\Cache\hosted\pub.dev\mapbox_maps_flutter-2.18.0\android\src\main\kotlin\com\mapbox\maps\mapbox_maps\annotation\PointAnnotationEnumsExtensions.kt:135:5: warning: 'when' is exhaustive so 'else' is redundant here
exception:     else -> throw(RuntimeException("Unsupported TextTranslateAnchor: $this"))
exception:     ^
exception: c:\Users\saudi\AppData\Local\Pub\Cache\hosted\pub.dev\mapbox_maps_flutter-2.18.0\android\src\main\kotlin\com\mapbox\maps\mapbox_maps\annotation\PointAnnotationEnumsExtensions.kt:180:65: warning: this API is experimental. It may be changed in the future without notice.
exception: fun com.mapbox.maps.extension.style.layers.properties.generated.SymbolElevationReference.toFLTSymbolElevationReference(): SymbolElevationReference {
exception:                                                                 ^
exception: c:\Users\saudi\AppData\Local\Pub\Cache\hosted\pub.dev\mapbox_maps_flutter-2.18.0\android\src\main\kotlin\com\mapbox\maps\mapbox_maps\annotation\PointAnnotationEnumsExtensions.kt:181:16: warning: this API is experimental. It may be changed in the future without notice.
exception:   return when (this) {
exception:                ^
exception: c:\Users\saudi\AppData\Local\Pub\Cache\hosted\pub.dev\mapbox_maps_flutter-2.18.0\android\src\main\kotlin\com\mapbox\maps\mapbox_maps\annotation\PointAnnotationEnumsExtensions.kt:182:65: warning: this API is experimental. It may be changed in the future without notice.
exception:     com.mapbox.maps.extension.style.layers.properties.generated.SymbolElevationReference.SEA -> SymbolElevationReference.SEA
exception:                                                                 ^
exception: c:\Users\saudi\AppData\Local\Pub\Cache\hosted\pub.dev\mapbox_maps_flutter-2.18.0\android\src\main\kotlin\com\mapbox\maps\mapbox_maps\annotation\PointAnnotationEnumsExtensions.kt:182:90: warning: this API is experimental. It may be changed in the future without notice.
exception:     com.mapbox.maps.extension.style.layers.properties.generated.SymbolElevationReference.SEA -> SymbolElevationReference.SEA
exception:                                                                                          ^
exception: c:\Users\saudi\AppData\Local\Pub\Cache\hosted\pub.dev\mapbox_maps_flutter-2.18.0\android\src\main\kotlin\com\mapbox\maps\mapbox_maps\annotation\PointAnnotationEnumsExtensions.kt:183:65: warning: this API is experimental. It may be changed in the future without notice.
exception:     com.mapbox.maps.extension.style.layers.properties.generated.SymbolElevationReference.GROUND -> SymbolElevationReference.GROUND
exception:                                                                 ^
exception: c:\Users\saudi\AppData\Local\Pub\Cache\hosted\pub.dev\mapbox_maps_flutter-2.18.0\android\src\main\kotlin\com\mapbox\maps\mapbox_maps\annotation\PointAnnotationEnumsExtensions.kt:183:90: warning: this API is experimental. It may be changed in the future without notice.
exception:     com.mapbox.maps.extension.style.layers.properties.generated.SymbolElevationReference.GROUND -> SymbolElevationReference.GROUND
exception:                                                                                          ^
exception: c:\Users\saudi\AppData\Local\Pub\Cache\hosted\pub.dev\mapbox_maps_flutter-2.18.0\android\src\main\kotlin\com\mapbox\maps\mapbox_maps\annotation\PointAnnotationEnumsExtensions.kt:184:65: warning: this API is experimental. It may be changed in the future without notice.
exception:     com.mapbox.maps.extension.style.layers.properties.generated.SymbolElevationReference.HD_ROAD_MARKUP -> SymbolElevationReference.HD_ROAD_MARKUP
exception:                                                                 ^
exception: c:\Users\saudi\AppData\Local\Pub\Cache\hosted\pub.dev\mapbox_maps_flutter-2.18.0\android\src\main\kotlin\com\mapbox\maps\mapbox_maps\annotation\PointAnnotationEnumsExtensions.kt:184:90: warning: this API is experimental. It may be changed in the future without notice.
exception:     com.mapbox.maps.extension.style.layers.properties.generated.SymbolElevationReference.HD_ROAD_MARKUP -> SymbolElevationReference.HD_ROAD_MARKUP
exception:                                                                                          ^
exception: c:\Users\saudi\AppData\Local\Pub\Cache\hosted\pub.dev\mapbox_maps_flutter-2.18.0\android\src\main\kotlin\com\mapbox\maps\mapbox_maps\annotation\PointAnnotationEnumsExtensions.kt:185:76: warning: this API is experimental. It may be changed in the future without notice.
exception:     else -> throw(RuntimeException("Unsupported SymbolElevationReference: $this"))
exception:                                                                            ^
exception: c:\Users\saudi\AppData\Local\Pub\Cache\hosted\pub.dev\mapbox_maps_flutter-2.18.0\android\src\main\kotlin\com\mapbox\maps\mapbox_maps\annotation\PolygonAnnotationController.kt:163:24: warning: unnecessary safe call on a non-null receiver of type Polygon
exception:     annotation.geometry?.let {
exception:                        ^
exception: c:\Users\saudi\AppData\Local\Pub\Cache\hosted\pub.dev\mapbox_maps_flutter-2.18.0\android\src\main\kotlin\com\mapbox\maps\mapbox_maps\annotation\PolygonAnnotationController.kt:202:13: warning: this API is experimental. It may be changed in the future without notice.
exception:     manager.fillConstructBridgeGuardRail = fillConstructBridgeGuardRail
exception:             ^
exception: c:\Users\saudi\AppData\Local\Pub\Cache\hosted\pub.dev\mapbox_maps_flutter-2.18.0\android\src\main\kotlin\com\mapbox\maps\mapbox_maps\annotation\PolygonAnnotationController.kt:211:25: warning: this API is experimental. It may be changed in the future without notice.
exception:     val value = manager.fillConstructBridgeGuardRail
exception:                         ^
exception: c:\Users\saudi\AppData\Local\Pub\Cache\hosted\pub.dev\mapbox_maps_flutter-2.18.0\android\src\main\kotlin\com\mapbox\maps\mapbox_maps\annotation\PolygonAnnotationController.kt:225:13: warning: this API is experimental. It may be changed in the future without notice.
exception:     manager.fillElevationReference = fillElevationReference.toFillElevationReference()
exception:             ^
exception: c:\Users\saudi\AppData\Local\Pub\Cache\hosted\pub.dev\mapbox_maps_flutter-2.18.0\android\src\main\kotlin\com\mapbox\maps\mapbox_maps\annotation\PolygonAnnotationController.kt:225:61: warning: this API is experimental. It may be changed in the future without notice.
exception:     manager.fillElevationReference = fillElevationReference.toFillElevationReference()
exception:                                                             ^
exception: c:\Users\saudi\AppData\Local\Pub\Cache\hosted\pub.dev\mapbox_maps_flutter-2.18.0\android\src\main\kotlin\com\mapbox\maps\mapbox_maps\annotation\PolygonAnnotationController.kt:234:25: warning: this API is experimental. It may be changed in the future without notice.
exception:     val value = manager.fillElevationReference
exception:                         ^
exception: c:\Users\saudi\AppData\Local\Pub\Cache\hosted\pub.dev\mapbox_maps_flutter-2.18.0\android\src\main\kotlin\com\mapbox\maps\mapbox_maps\annotation\PolygonAnnotationController.kt:235:9: warning: this API is experimental. It may be changed in the future without notice.
exception:     if (value != null) {
exception:         ^
exception: c:\Users\saudi\AppData\Local\Pub\Cache\hosted\pub.dev\mapbox_maps_flutter-2.18.0\android\src\main\kotlin\com\mapbox\maps\mapbox_maps\annotation\PolygonAnnotationController.kt:235:15: warning: this API is experimental. It may be changed in the future without notice.
exception:     if (value != null) {
exception:               ^
exception: c:\Users\saudi\AppData\Local\Pub\Cache\hosted\pub.dev\mapbox_maps_flutter-2.18.0\android\src\main\kotlin\com\mapbox\maps\mapbox_maps\annotation\PolygonAnnotationController.kt:236:31: warning: this API is experimental. It may be changed in the future without notice.
exception:       callback(Result.success(value.toFLTFillElevationReference()))
exception:                               ^
exception: c:\Users\saudi\AppData\Local\Pub\Cache\hosted\pub.dev\mapbox_maps_flutter-2.18.0\android\src\main\kotlin\com\mapbox\maps\mapbox_maps\annotation\PolygonAnnotationController.kt:236:37: warning: this API is experimental. It may be changed in the future without notice.
exception:       callback(Result.success(value.toFLTFillElevationReference()))
exception:                                     ^
exception: c:\Users\saudi\AppData\Local\Pub\Cache\hosted\pub.dev\mapbox_maps_flutter-2.18.0\android\src\main\kotlin\com\mapbox\maps\mapbox_maps\annotation\PolygonAnnotationController.kt:294:13: warning: this API is experimental. It may be changed in the future without notice.
exception:     manager.fillBridgeGuardRailColorInt = fillBridgeGuardRailColor.toInt()
exception:             ^
exception: c:\Users\saudi\AppData\Local\Pub\Cache\hosted\pub.dev\mapbox_maps_flutter-2.18.0\android\src\main\kotlin\com\mapbox\maps\mapbox_maps\annotation\PolygonAnnotationController.kt:303:25: warning: this API is experimental. It may be changed in the future without notice.
exception:     val value = manager.fillBridgeGuardRailColorInt
exception:                         ^
exception: c:\Users\saudi\AppData\Local\Pub\Cache\hosted\pub.dev\mapbox_maps_flutter-2.18.0\android\src\main\kotlin\com\mapbox\maps\mapbox_maps\annotation\PolygonAnnotationController.kt:478:13: warning: this API is experimental. It may be changed in the future without notice.
exception:     manager.fillTunnelStructureColorInt = fillTunnelStructureColor.toInt()
exception:             ^
exception: c:\Users\saudi\AppData\Local\Pub\Cache\hosted\pub.dev\mapbox_maps_flutter-2.18.0\android\src\main\kotlin\com\mapbox\maps\mapbox_maps\annotation\PolygonAnnotationController.kt:487:25: warning: this API is experimental. It may be changed in the future without notice.
exception:     val value = manager.fillTunnelStructureColorInt
exception:                         ^
exception: c:\Users\saudi\AppData\Local\Pub\Cache\hosted\pub.dev\mapbox_maps_flutter-2.18.0\android\src\main\kotlin\com\mapbox\maps\mapbox_maps\annotation\PolygonAnnotationController.kt:501:13: warning: this API is experimental. It may be changed in the future without notice.
exception:     manager.fillZOffset = fillZOffset
exception:             ^
exception: c:\Users\saudi\AppData\Local\Pub\Cache\hosted\pub.dev\mapbox_maps_flutter-2.18.0\android\src\main\kotlin\com\mapbox\maps\mapbox_maps\annotation\PolygonAnnotationController.kt:510:25: warning: this API is experimental. It may be changed in the future without notice.
exception:     val value = manager.fillZOffset
exception:                         ^
exception: c:\Users\saudi\AppData\Local\Pub\Cache\hosted\pub.dev\mapbox_maps_flutter-2.18.0\android\src\main\kotlin\com\mapbox\maps\mapbox_maps\annotation\PolygonAnnotationController.kt:542:16: warning: unnecessary safe call on a non-null receiver of type Polygon
exception:   this.geometry?.let {
exception:                ^
exception: c:\Users\saudi\AppData\Local\Pub\Cache\hosted\pub.dev\mapbox_maps_flutter-2.18.0\android\src\main\kotlin\com\mapbox\maps\mapbox_maps\annotation\PolygonAnnotationEnumsExtensions.kt:7:116: warning: this API is experimental. It may be changed in the future without notice.
exception: fun FillElevationReference.toFillElevationReference(): com.mapbox.maps.extension.style.layers.properties.generated.FillElevationReference {
exception:                                                                                                                    ^
exception: c:\Users\saudi\AppData\Local\Pub\Cache\hosted\pub.dev\mapbox_maps_flutter-2.18.0\android\src\main\kotlin\com\mapbox\maps\mapbox_maps\annotation\PolygonAnnotationEnumsExtensions.kt:8:10: warning: this API is experimental. It may be changed in the future without notice.
exception:   return when (this) {
exception:          ^
exception: c:\Users\saudi\AppData\Local\Pub\Cache\hosted\pub.dev\mapbox_maps_flutter-2.18.0\android\src\main\kotlin\com\mapbox\maps\mapbox_maps\annotation\PolygonAnnotationEnumsExtensions.kt:9:96: warning: this API is experimental. It may be changed in the future without notice.
exception:     FillElevationReference.NONE -> com.mapbox.maps.extension.style.layers.properties.generated.FillElevationReference.NONE
exception:                                                                                                ^
exception: c:\Users\saudi\AppData\Local\Pub\Cache\hosted\pub.dev\mapbox_maps_flutter-2.18.0\android\src\main\kotlin\com\mapbox\maps\mapbox_maps\annotation\PolygonAnnotationEnumsExtensions.kt:9:119: warning: this API is experimental. It may be changed in the future without notice.
exception:     FillElevationReference.NONE -> com.mapbox.maps.extension.style.layers.properties.generated.FillElevationReference.NONE
exception:                                                                                                                       ^
exception: c:\Users\saudi\AppData\Local\Pub\Cache\hosted\pub.dev\mapbox_maps_flutter-2.18.0\android\src\main\kotlin\com\mapbox\maps\mapbox_maps\annotation\PolygonAnnotationEnumsExtensions.kt:10:104: warning: this API is experimental. It may be changed in the future without notice.
exception:     FillElevationReference.HD_ROAD_BASE -> com.mapbox.maps.extension.style.layers.properties.generated.FillElevationReference.HD_ROAD_BASE
exception:                                                                                                        ^
exception: c:\Users\saudi\AppData\Local\Pub\Cache\hosted\pub.dev\mapbox_maps_flutter-2.18.0\android\src\main\kotlin\com\mapbox\maps\mapbox_maps\annotation\PolygonAnnotationEnumsExtensions.kt:10:127: warning: this API is experimental. It may be changed in the future without notice.
exception:     FillElevationReference.HD_ROAD_BASE -> com.mapbox.maps.extension.style.layers.properties.generated.FillElevationReference.HD_ROAD_BASE
exception:                                                                                                                               ^
exception: c:\Users\saudi\AppData\Local\Pub\Cache\hosted\pub.dev\mapbox_maps_flutter-2.18.0\android\src\main\kotlin\com\mapbox\maps\mapbox_maps\annotation\PolygonAnnotationEnumsExtensions.kt:11:106: warning: this API is experimental. It may be changed in the future without notice.
exception:     FillElevationReference.HD_ROAD_MARKUP -> com.mapbox.maps.extension.style.layers.properties.generated.FillElevationReference.HD_ROAD_MARKUP
exception:                                                                                                          ^
exception: c:\Users\saudi\AppData\Local\Pub\Cache\hosted\pub.dev\mapbox_maps_flutter-2.18.0\android\src\main\kotlin\com\mapbox\maps\mapbox_maps\annotation\PolygonAnnotationEnumsExtensions.kt:11:129: warning: this API is experimental. It may be changed in the future without notice.
exception:     FillElevationReference.HD_ROAD_MARKUP -> com.mapbox.maps.extension.style.layers.properties.generated.FillElevationReference.HD_ROAD_MARKUP
exception:                                                                                                                                 ^
exception: c:\Users\saudi\AppData\Local\Pub\Cache\hosted\pub.dev\mapbox_maps_flutter-2.18.0\android\src\main\kotlin\com\mapbox\maps\mapbox_maps\annotation\PolygonAnnotationEnumsExtensions.kt:12:5: warning: 'when' is exhaustive so 'else' is redundant here
exception:     else -> throw(RuntimeException("Unsupported FillElevationReference: $this"))
exception:     ^
exception: c:\Users\saudi\AppData\Local\Pub\Cache\hosted\pub.dev\mapbox_maps_flutter-2.18.0\android\src\main\kotlin\com\mapbox\maps\mapbox_maps\annotation\PolygonAnnotationEnumsExtensions.kt:19:5: warning: 'when' is exhaustive so 'else' is redundant here
exception:     else -> throw(RuntimeException("Unsupported FillTranslateAnchor: $this"))
exception:     ^
exception: c:\Users\saudi\AppData\Local\Pub\Cache\hosted\pub.dev\mapbox_maps_flutter-2.18.0\android\src\main\kotlin\com\mapbox\maps\mapbox_maps\annotation\PolygonAnnotationEnumsExtensions.kt:25:65: warning: this API is experimental. It may be changed in the future without notice.
exception: fun com.mapbox.maps.extension.style.layers.properties.generated.FillElevationReference.toFLTFillElevationReference(): FillElevationReference {
exception:                                                                 ^
exception: c:\Users\saudi\AppData\Local\Pub\Cache\hosted\pub.dev\mapbox_maps_flutter-2.18.0\android\src\main\kotlin\com\mapbox\maps\mapbox_maps\annotation\PolygonAnnotationEnumsExtensions.kt:26:16: warning: this API is experimental. It may be changed in the future without notice.
exception:   return when (this) {
exception:                ^
exception: c:\Users\saudi\AppData\Local\Pub\Cache\hosted\pub.dev\mapbox_maps_flutter-2.18.0\android\src\main\kotlin\com\mapbox\maps\mapbox_maps\annotation\PolygonAnnotationEnumsExtensions.kt:27:65: warning: this API is experimental. It may be changed in the future without notice.
exception:     com.mapbox.maps.extension.style.layers.properties.generated.FillElevationReference.NONE -> FillElevationReference.NONE
exception:                                                                 ^
exception: c:\Users\saudi\AppData\Local\Pub\Cache\hosted\pub.dev\mapbox_maps_flutter-2.18.0\android\src\main\kotlin\com\mapbox\maps\mapbox_maps\annotation\PolygonAnnotationEnumsExtensions.kt:27:88: warning: this API is experimental. It may be changed in the future without notice.
exception:     com.mapbox.maps.extension.style.layers.properties.generated.FillElevationReference.NONE -> FillElevationReference.NONE
exception:                                                                                        ^
exception: c:\Users\saudi\AppData\Local\Pub\Cache\hosted\pub.dev\mapbox_maps_flutter-2.18.0\android\src\main\kotlin\com\mapbox\maps\mapbox_maps\annotation\PolygonAnnotationEnumsExtensions.kt:28:65: warning: this API is experimental. It may be changed in the future without notice.
exception:     com.mapbox.maps.extension.style.layers.properties.generated.FillElevationReference.HD_ROAD_BASE -> FillElevationReference.HD_ROAD_BASE
exception:                                                                 ^
exception: c:\Users\saudi\AppData\Local\Pub\Cache\hosted\pub.dev\mapbox_maps_flutter-2.18.0\android\src\main\kotlin\com\mapbox\maps\mapbox_maps\annotation\PolygonAnnotationEnumsExtensions.kt:28:88: warning: this API is experimental. It may be changed in the future without notice.
exception:     com.mapbox.maps.extension.style.layers.properties.generated.FillElevationReference.HD_ROAD_BASE -> FillElevationReference.HD_ROAD_BASE
exception:                                                                                        ^
exception: c:\Users\saudi\AppData\Local\Pub\Cache\hosted\pub.dev\mapbox_maps_flutter-2.18.0\android\src\main\kotlin\com\mapbox\maps\mapbox_maps\annotation\PolygonAnnotationEnumsExtensions.kt:29:65: warning: this API is experimental. It may be changed in the future without notice.
exception:     com.mapbox.maps.extension.style.layers.properties.generated.FillElevationReference.HD_ROAD_MARKUP -> FillElevationReference.HD_ROAD_MARKUP
exception:                                                                 ^
exception: c:\Users\saudi\AppData\Local\Pub\Cache\hosted\pub.dev\mapbox_maps_flutter-2.18.0\android\src\main\kotlin\com\mapbox\maps\mapbox_maps\annotation\PolygonAnnotationEnumsExtensions.kt:29:88: warning: this API is experimental. It may be changed in the future without notice.
exception:     com.mapbox.maps.extension.style.layers.properties.generated.FillElevationReference.HD_ROAD_MARKUP -> FillElevationReference.HD_ROAD_MARKUP
exception:                                                                                        ^
exception: c:\Users\saudi\AppData\Local\Pub\Cache\hosted\pub.dev\mapbox_maps_flutter-2.18.0\android\src\main\kotlin\com\mapbox\maps\mapbox_maps\annotation\PolygonAnnotationEnumsExtensions.kt:30:74: warning: this API is experimental. It may be changed in the future without notice.
exception:     else -> throw(RuntimeException("Unsupported FillElevationReference: $this"))
exception:                                                                          ^
exception: c:\Users\saudi\AppData\Local\Pub\Cache\hosted\pub.dev\mapbox_maps_flutter-2.18.0\android\src\main\kotlin\com\mapbox\maps\mapbox_maps\annotation\PolylineAnnotationController.kt:170:24: warning: unnecessary safe call on a non-null receiver of type LineString
exception:     annotation.geometry?.let {
exception:                        ^
exception: c:\Users\saudi\AppData\Local\Pub\Cache\hosted\pub.dev\mapbox_maps_flutter-2.18.0\android\src\main\kotlin\com\mapbox\maps\mapbox_maps\annotation\PolylineAnnotationController.kt:244:13: warning: this API is experimental. It may be changed in the future without notice.
exception:     manager.lineCrossSlope = lineCrossSlope
exception:             ^
exception: c:\Users\saudi\AppData\Local\Pub\Cache\hosted\pub.dev\mapbox_maps_flutter-2.18.0\android\src\main\kotlin\com\mapbox\maps\mapbox_maps\annotation\PolylineAnnotationController.kt:253:25: warning: this API is experimental. It may be changed in the future without notice.
exception:     val value = manager.lineCrossSlope
exception:                         ^
exception: c:\Users\saudi\AppData\Local\Pub\Cache\hosted\pub.dev\mapbox_maps_flutter-2.18.0\android\src\main\kotlin\com\mapbox\maps\mapbox_maps\annotation\PolylineAnnotationController.kt:267:13: warning: this API is experimental. It may be changed in the future without notice.
exception:     manager.lineElevationReference = lineElevationReference.toLineElevationReference()
exception:             ^
exception: c:\Users\saudi\AppData\Local\Pub\Cache\hosted\pub.dev\mapbox_maps_flutter-2.18.0\android\src\main\kotlin\com\mapbox\maps\mapbox_maps\annotation\PolylineAnnotationController.kt:267:61: warning: this API is experimental. It may be changed in the future without notice.
exception:     manager.lineElevationReference = lineElevationReference.toLineElevationReference()
exception:                                                             ^
exception: c:\Users\saudi\AppData\Local\Pub\Cache\hosted\pub.dev\mapbox_maps_flutter-2.18.0\android\src\main\kotlin\com\mapbox\maps\mapbox_maps\annotation\PolylineAnnotationController.kt:276:25: warning: this API is experimental. It may be changed in the future without notice.
exception:     val value = manager.lineElevationReference
exception:                         ^
exception: c:\Users\saudi\AppData\Local\Pub\Cache\hosted\pub.dev\mapbox_maps_flutter-2.18.0\android\src\main\kotlin\com\mapbox\maps\mapbox_maps\annotation\PolylineAnnotationController.kt:277:9: warning: this API is experimental. It may be changed in the future without notice.
exception:     if (value != null) {
exception:         ^
exception: c:\Users\saudi\AppData\Local\Pub\Cache\hosted\pub.dev\mapbox_maps_flutter-2.18.0\android\src\main\kotlin\com\mapbox\maps\mapbox_maps\annotation\PolylineAnnotationController.kt:277:15: warning: this API is experimental. It may be changed in the future without notice.
exception:     if (value != null) {
exception:               ^
exception: c:\Users\saudi\AppData\Local\Pub\Cache\hosted\pub.dev\mapbox_maps_flutter-2.18.0\android\src\main\kotlin\com\mapbox\maps\mapbox_maps\annotation\PolylineAnnotationController.kt:278:31: warning: this API is experimental. It may be changed in the future without notice.
exception:       callback(Result.success(value.toFLTLineElevationReference()))
exception:                               ^
exception: c:\Users\saudi\AppData\Local\Pub\Cache\hosted\pub.dev\mapbox_maps_flutter-2.18.0\android\src\main\kotlin\com\mapbox\maps\mapbox_maps\annotation\PolylineAnnotationController.kt:278:37: warning: this API is experimental. It may be changed in the future without notice.
exception:       callback(Result.success(value.toFLTLineElevationReference()))
exception:                                     ^
exception: c:\Users\saudi\AppData\Local\Pub\Cache\hosted\pub.dev\mapbox_maps_flutter-2.18.0\android\src\main\kotlin\com\mapbox\maps\mapbox_maps\annotation\PolylineAnnotationController.kt:382:13: warning: this API is experimental. It may be changed in the future without notice.
exception:     manager.lineWidthUnit = lineWidthUnit.toLineWidthUnit()
exception:             ^
exception: c:\Users\saudi\AppData\Local\Pub\Cache\hosted\pub.dev\mapbox_maps_flutter-2.18.0\android\src\main\kotlin\com\mapbox\maps\mapbox_maps\annotation\PolylineAnnotationController.kt:382:43: warning: this API is experimental. It may be changed in the future without notice.
exception:     manager.lineWidthUnit = lineWidthUnit.toLineWidthUnit()
exception:                                           ^
exception: c:\Users\saudi\AppData\Local\Pub\Cache\hosted\pub.dev\mapbox_maps_flutter-2.18.0\android\src\main\kotlin\com\mapbox\maps\mapbox_maps\annotation\PolylineAnnotationController.kt:391:25: warning: this API is experimental. It may be changed in the future without notice.
exception:     val value = manager.lineWidthUnit
exception:                         ^
exception: c:\Users\saudi\AppData\Local\Pub\Cache\hosted\pub.dev\mapbox_maps_flutter-2.18.0\android\src\main\kotlin\com\mapbox\maps\mapbox_maps\annotation\PolylineAnnotationController.kt:392:9: warning: this API is experimental. It may be changed in the future without notice.
exception:     if (value != null) {
exception:         ^
exception: c:\Users\saudi\AppData\Local\Pub\Cache\hosted\pub.dev\mapbox_maps_flutter-2.18.0\android\src\main\kotlin\com\mapbox\maps\mapbox_maps\annotation\PolylineAnnotationController.kt:392:15: warning: this API is experimental. It may be changed in the future without notice.
exception:     if (value != null) {
exception:               ^
exception: c:\Users\saudi\AppData\Local\Pub\Cache\hosted\pub.dev\mapbox_maps_flutter-2.18.0\android\src\main\kotlin\com\mapbox\maps\mapbox_maps\annotation\PolylineAnnotationController.kt:393:31: warning: this API is experimental. It may be changed in the future without notice.
exception:       callback(Result.success(value.toFLTLineWidthUnit()))
exception:                               ^
exception: c:\Users\saudi\AppData\Local\Pub\Cache\hosted\pub.dev\mapbox_maps_flutter-2.18.0\android\src\main\kotlin\com\mapbox\maps\mapbox_maps\annotation\PolylineAnnotationController.kt:393:37: warning: this API is experimental. It may be changed in the future without notice.
exception:       callback(Result.success(value.toFLTLineWidthUnit()))
exception:                                     ^
exception: c:\Users\saudi\AppData\Local\Pub\Cache\hosted\pub.dev\mapbox_maps_flutter-2.18.0\android\src\main\kotlin\com\mapbox\maps\mapbox_maps\annotation\PolylineAnnotationController.kt:405:13: warning: this API is experimental. It may be changed in the future without notice.
exception:     manager.lineZOffset = lineZOffset
exception:             ^
exception: c:\Users\saudi\AppData\Local\Pub\Cache\hosted\pub.dev\mapbox_maps_flutter-2.18.0\android\src\main\kotlin\com\mapbox\maps\mapbox_maps\annotation\PolylineAnnotationController.kt:414:25: warning: this API is experimental. It may be changed in the future without notice.
exception:     val value = manager.lineZOffset
exception:                         ^
exception: c:\Users\saudi\AppData\Local\Pub\Cache\hosted\pub.dev\mapbox_maps_flutter-2.18.0\android\src\main\kotlin\com\mapbox\maps\mapbox_maps\annotation\PolylineAnnotationController.kt:520:13: warning: this API is experimental. It may be changed in the future without notice.
exception:     manager.lineCutoutFadeWidth = lineCutoutFadeWidth
exception:             ^
exception: c:\Users\saudi\AppData\Local\Pub\Cache\hosted\pub.dev\mapbox_maps_flutter-2.18.0\android\src\main\kotlin\com\mapbox\maps\mapbox_maps\annotation\PolylineAnnotationController.kt:529:25: warning: this API is experimental. It may be changed in the future without notice.
exception:     val value = manager.lineCutoutFadeWidth
exception:                         ^
exception: c:\Users\saudi\AppData\Local\Pub\Cache\hosted\pub.dev\mapbox_maps_flutter-2.18.0\android\src\main\kotlin\com\mapbox\maps\mapbox_maps\annotation\PolylineAnnotationController.kt:543:13: warning: this API is experimental. It may be changed in the future without notice.
exception:     manager.lineCutoutOpacity = lineCutoutOpacity
exception:             ^
exception: c:\Users\saudi\AppData\Local\Pub\Cache\hosted\pub.dev\mapbox_maps_flutter-2.18.0\android\src\main\kotlin\com\mapbox\maps\mapbox_maps\annotation\PolylineAnnotationController.kt:552:25: warning: this API is experimental. It may be changed in the future without notice.
exception:     val value = manager.lineCutoutOpacity
exception:                         ^
exception: c:\Users\saudi\AppData\Local\Pub\Cache\hosted\pub.dev\mapbox_maps_flutter-2.18.0\android\src\main\kotlin\com\mapbox\maps\mapbox_maps\annotation\PolylineAnnotationController.kt:796:13: warning: 'lineTrimColor: String?' is deprecated. This property is deprecated, and will be removed in next major release. Use [lineTrimColorString] property instead.
exception:     manager.lineTrimColor = lineTrimColor.let { ColorUtils.colorToRgbaString(it.toInt()) }
exception:             ^
exception: c:\Users\saudi\AppData\Local\Pub\Cache\hosted\pub.dev\mapbox_maps_flutter-2.18.0\android\src\main\kotlin\com\mapbox\maps\mapbox_maps\annotation\PolylineAnnotationController.kt:796:13: warning: this API is experimental. It may be changed in the future without notice.
exception:     manager.lineTrimColor = lineTrimColor.let { ColorUtils.colorToRgbaString(it.toInt()) }
exception:             ^
exception: c:\Users\saudi\AppData\Local\Pub\Cache\hosted\pub.dev\mapbox_maps_flutter-2.18.0\android\src\main\kotlin\com\mapbox\maps\mapbox_maps\annotation\PolylineAnnotationController.kt:805:25: warning: 'lineTrimColor: String?' is deprecated. This property is deprecated, and will be removed in next major release. Use [lineTrimColorString] property instead.
exception:     val value = manager.lineTrimColor
exception:                         ^
exception: c:\Users\saudi\AppData\Local\Pub\Cache\hosted\pub.dev\mapbox_maps_flutter-2.18.0\android\src\main\kotlin\com\mapbox\maps\mapbox_maps\annotation\PolylineAnnotationController.kt:805:25: warning: this API is experimental. It may be changed in the future without notice.
exception:     val value = manager.lineTrimColor
exception:                         ^
exception: c:\Users\saudi\AppData\Local\Pub\Cache\hosted\pub.dev\mapbox_maps_flutter-2.18.0\android\src\main\kotlin\com\mapbox\maps\mapbox_maps\annotation\PolylineAnnotationController.kt:819:13: warning: this API is experimental. It may be changed in the future without notice.
exception:     manager.lineTrimFadeRange = lineTrimFadeRange.mapNotNull { it }
exception:             ^
exception: c:\Users\saudi\AppData\Local\Pub\Cache\hosted\pub.dev\mapbox_maps_flutter-2.18.0\android\src\main\kotlin\com\mapbox\maps\mapbox_maps\annotation\PolylineAnnotationController.kt:828:25: warning: this API is experimental. It may be changed in the future without notice.
exception:     val value = manager.lineTrimFadeRange
exception:                         ^
exception: c:\Users\saudi\AppData\Local\Pub\Cache\hosted\pub.dev\mapbox_maps_flutter-2.18.0\android\src\main\kotlin\com\mapbox\maps\mapbox_maps\annotation\PolylineAnnotationController.kt:908:16: warning: unnecessary safe call on a non-null receiver of type LineString
exception:   this.geometry?.let {
exception:                ^
exception: c:\Users\saudi\AppData\Local\Pub\Cache\hosted\pub.dev\mapbox_maps_flutter-2.18.0\android\src\main\kotlin\com\mapbox\maps\mapbox_maps\annotation\PolylineAnnotationEnumsExtensions.kt:12:5: warning: 'when' is exhaustive so 'else' is redundant here
exception:     else -> throw(RuntimeException("Unsupported LineCap: $this"))
exception:     ^
exception: c:\Users\saudi\AppData\Local\Pub\Cache\hosted\pub.dev\mapbox_maps_flutter-2.18.0\android\src\main\kotlin\com\mapbox\maps\mapbox_maps\annotation\PolylineAnnotationEnumsExtensions.kt:15:116: warning: this API is experimental. It may be changed in the future without notice.
exception: fun LineElevationReference.toLineElevationReference(): com.mapbox.maps.extension.style.layers.properties.generated.LineElevationReference {
exception:                                                                                                                    ^
exception: c:\Users\saudi\AppData\Local\Pub\Cache\hosted\pub.dev\mapbox_maps_flutter-2.18.0\android\src\main\kotlin\com\mapbox\maps\mapbox_maps\annotation\PolylineAnnotationEnumsExtensions.kt:16:10: warning: this API is experimental. It may be changed in the future without notice.
exception:   return when (this) {
exception:          ^
exception: c:\Users\saudi\AppData\Local\Pub\Cache\hosted\pub.dev\mapbox_maps_flutter-2.18.0\android\src\main\kotlin\com\mapbox\maps\mapbox_maps\annotation\PolylineAnnotationEnumsExtensions.kt:17:96: warning: this API is experimental. It may be changed in the future without notice.
exception:     LineElevationReference.NONE -> com.mapbox.maps.extension.style.layers.properties.generated.LineElevationReference.NONE
exception:                                                                                                ^
exception: c:\Users\saudi\AppData\Local\Pub\Cache\hosted\pub.dev\mapbox_maps_flutter-2.18.0\android\src\main\kotlin\com\mapbox\maps\mapbox_maps\annotation\PolylineAnnotationEnumsExtensions.kt:17:119: warning: this API is experimental. It may be changed in the future without notice.
exception:     LineElevationReference.NONE -> com.mapbox.maps.extension.style.layers.properties.generated.LineElevationReference.NONE
exception:                                                                                                                       ^
exception: c:\Users\saudi\AppData\Local\Pub\Cache\hosted\pub.dev\mapbox_maps_flutter-2.18.0\android\src\main\kotlin\com\mapbox\maps\mapbox_maps\annotation\PolylineAnnotationEnumsExtensions.kt:18:95: warning: this API is experimental. It may be changed in the future without notice.
exception:     LineElevationReference.SEA -> com.mapbox.maps.extension.style.layers.properties.generated.LineElevationReference.SEA
exception:                                                                                               ^
exception: c:\Users\saudi\AppData\Local\Pub\Cache\hosted\pub.dev\mapbox_maps_flutter-2.18.0\android\src\main\kotlin\com\mapbox\maps\mapbox_maps\annotation\PolylineAnnotationEnumsExtensions.kt:18:118: warning: this API is experimental. It may be changed in the future without notice.
exception:     LineElevationReference.SEA -> com.mapbox.maps.extension.style.layers.properties.generated.LineElevationReference.SEA
exception:                                                                                                                      ^
exception: c:\Users\saudi\AppData\Local\Pub\Cache\hosted\pub.dev\mapbox_maps_flutter-2.18.0\android\src\main\kotlin\com\mapbox\maps\mapbox_maps\annotation\PolylineAnnotationEnumsExtensions.kt:19:98: warning: this API is experimental. It may be changed in the future without notice.
exception:     LineElevationReference.GROUND -> com.mapbox.maps.extension.style.layers.properties.generated.LineElevationReference.GROUND
exception:                                                                                                  ^
exception: c:\Users\saudi\AppData\Local\Pub\Cache\hosted\pub.dev\mapbox_maps_flutter-2.18.0\android\src\main\kotlin\com\mapbox\maps\mapbox_maps\annotation\PolylineAnnotationEnumsExtensions.kt:19:121: warning: this API is experimental. It may be changed in the future without notice.
exception:     LineElevationReference.GROUND -> com.mapbox.maps.extension.style.layers.properties.generated.LineElevationReference.GROUND
exception:                                                                                                                         ^
exception: c:\Users\saudi\AppData\Local\Pub\Cache\hosted\pub.dev\mapbox_maps_flutter-2.18.0\android\src\main\kotlin\com\mapbox\maps\mapbox_maps\annotation\PolylineAnnotationEnumsExtensions.kt:20:106: warning: this API is experimental. It may be changed in the future without notice.
exception:     LineElevationReference.HD_ROAD_MARKUP -> com.mapbox.maps.extension.style.layers.properties.generated.LineElevationReference.HD_ROAD_MARKUP
exception:                                                                                                          ^
exception: c:\Users\saudi\AppData\Local\Pub\Cache\hosted\pub.dev\mapbox_maps_flutter-2.18.0\android\src\main\kotlin\com\mapbox\maps\mapbox_maps\annotation\PolylineAnnotationEnumsExtensions.kt:20:129: warning: this API is experimental. It may be changed in the future without notice.
exception:     LineElevationReference.HD_ROAD_MARKUP -> com.mapbox.maps.extension.style.layers.properties.generated.LineElevationReference.HD_ROAD_MARKUP
exception:                                                                                                                                 ^
exception: c:\Users\saudi\AppData\Local\Pub\Cache\hosted\pub.dev\mapbox_maps_flutter-2.18.0\android\src\main\kotlin\com\mapbox\maps\mapbox_maps\annotation\PolylineAnnotationEnumsExtensions.kt:21:5: warning: 'when' is exhaustive so 'else' is redundant here
exception:     else -> throw(RuntimeException("Unsupported LineElevationReference: $this"))
exception:     ^
exception: c:\Users\saudi\AppData\Local\Pub\Cache\hosted\pub.dev\mapbox_maps_flutter-2.18.0\android\src\main\kotlin\com\mapbox\maps\mapbox_maps\annotation\PolylineAnnotationEnumsExtensions.kt:30:5: warning: 'when' is exhaustive so 'else' is redundant here
exception:     else -> throw(RuntimeException("Unsupported LineJoin: $this"))
exception:     ^
exception: c:\Users\saudi\AppData\Local\Pub\Cache\hosted\pub.dev\mapbox_maps_flutter-2.18.0\android\src\main\kotlin\com\mapbox\maps\mapbox_maps\annotation\PolylineAnnotationEnumsExtensions.kt:33:98: warning: this API is experimental. It may be changed in the future without notice.
exception: fun LineWidthUnit.toLineWidthUnit(): com.mapbox.maps.extension.style.layers.properties.generated.LineWidthUnit {
exception:                                                                                                  ^
exception: c:\Users\saudi\AppData\Local\Pub\Cache\hosted\pub.dev\mapbox_maps_flutter-2.18.0\android\src\main\kotlin\com\mapbox\maps\mapbox_maps\annotation\PolylineAnnotationEnumsExtensions.kt:34:10: warning: this API is experimental. It may be changed in the future without notice.
exception:   return when (this) {
exception:          ^
exception: c:\Users\saudi\AppData\Local\Pub\Cache\hosted\pub.dev\mapbox_maps_flutter-2.18.0\android\src\main\kotlin\com\mapbox\maps\mapbox_maps\annotation\PolylineAnnotationEnumsExtensions.kt:35:89: warning: this API is experimental. It may be changed in the future without notice.
exception:     LineWidthUnit.PIXELS -> com.mapbox.maps.extension.style.layers.properties.generated.LineWidthUnit.PIXELS
exception:                                                                                         ^
exception: c:\Users\saudi\AppData\Local\Pub\Cache\hosted\pub.dev\mapbox_maps_flutter-2.18.0\android\src\main\kotlin\com\mapbox\maps\mapbox_maps\annotation\PolylineAnnotationEnumsExtensions.kt:35:103: warning: this API is experimental. It may be changed in the future without notice.
exception:     LineWidthUnit.PIXELS -> com.mapbox.maps.extension.style.layers.properties.generated.LineWidthUnit.PIXELS
exception:                                                                                                       ^
exception: c:\Users\saudi\AppData\Local\Pub\Cache\hosted\pub.dev\mapbox_maps_flutter-2.18.0\android\src\main\kotlin\com\mapbox\maps\mapbox_maps\annotation\PolylineAnnotationEnumsExtensions.kt:36:89: warning: this API is experimental. It may be changed in the future without notice.
exception:     LineWidthUnit.METERS -> com.mapbox.maps.extension.style.layers.properties.generated.LineWidthUnit.METERS
exception:                                                                                         ^
exception: c:\Users\saudi\AppData\Local\Pub\Cache\hosted\pub.dev\mapbox_maps_flutter-2.18.0\android\src\main\kotlin\com\mapbox\maps\mapbox_maps\annotation\PolylineAnnotationEnumsExtensions.kt:36:103: warning: this API is experimental. It may be changed in the future without notice.
exception:     LineWidthUnit.METERS -> com.mapbox.maps.extension.style.layers.properties.generated.LineWidthUnit.METERS
exception:                                                                                                       ^
exception: c:\Users\saudi\AppData\Local\Pub\Cache\hosted\pub.dev\mapbox_maps_flutter-2.18.0\android\src\main\kotlin\com\mapbox\maps\mapbox_maps\annotation\PolylineAnnotationEnumsExtensions.kt:37:5: warning: 'when' is exhaustive so 'else' is redundant here
exception:     else -> throw(RuntimeException("Unsupported LineWidthUnit: $this"))
exception:     ^
exception: c:\Users\saudi\AppData\Local\Pub\Cache\hosted\pub.dev\mapbox_maps_flutter-2.18.0\android\src\main\kotlin\com\mapbox\maps\mapbox_maps\annotation\PolylineAnnotationEnumsExtensions.kt:44:5: warning: 'when' is exhaustive so 'else' is redundant here
exception:     else -> throw(RuntimeException("Unsupported LineTranslateAnchor: $this"))
exception:     ^
exception: c:\Users\saudi\AppData\Local\Pub\Cache\hosted\pub.dev\mapbox_maps_flutter-2.18.0\android\src\main\kotlin\com\mapbox\maps\mapbox_maps\annotation\PolylineAnnotationEnumsExtensions.kt:58:65: warning: this API is experimental. It may be changed in the future without notice.
exception: fun com.mapbox.maps.extension.style.layers.properties.generated.LineElevationReference.toFLTLineElevationReference(): LineElevationReference {
exception:                                                                 ^
exception: c:\Users\saudi\AppData\Local\Pub\Cache\hosted\pub.dev\mapbox_maps_flutter-2.18.0\android\src\main\kotlin\com\mapbox\maps\mapbox_maps\annotation\PolylineAnnotationEnumsExtensions.kt:59:16: warning: this API is experimental. It may be changed in the future without notice.
exception:   return when (this) {
exception:                ^
exception: c:\Users\saudi\AppData\Local\Pub\Cache\hosted\pub.dev\mapbox_maps_flutter-2.18.0\android\src\main\kotlin\com\mapbox\maps\mapbox_maps\annotation\PolylineAnnotationEnumsExtensions.kt:60:65: warning: this API is experimental. It may be changed in the future without notice.
exception:     com.mapbox.maps.extension.style.layers.properties.generated.LineElevationReference.NONE -> LineElevationReference.NONE
exception:                                                                 ^
exception: c:\Users\saudi\AppData\Local\Pub\Cache\hosted\pub.dev\mapbox_maps_flutter-2.18.0\android\src\main\kotlin\com\mapbox\maps\mapbox_maps\annotation\PolylineAnnotationEnumsExtensions.kt:60:88: warning: this API is experimental. It may be changed in the future without notice.
exception:     com.mapbox.maps.extension.style.layers.properties.generated.LineElevationReference.NONE -> LineElevationReference.NONE
exception:                                                                                        ^
exception: c:\Users\saudi\AppData\Local\Pub\Cache\hosted\pub.dev\mapbox_maps_flutter-2.18.0\android\src\main\kotlin\com\mapbox\maps\mapbox_maps\annotation\PolylineAnnotationEnumsExtensions.kt:61:65: warning: this API is experimental. It may be changed in the future without notice.
exception:     com.mapbox.maps.extension.style.layers.properties.generated.LineElevationReference.SEA -> LineElevationReference.SEA
exception:                                                                 ^
exception: c:\Users\saudi\AppData\Local\Pub\Cache\hosted\pub.dev\mapbox_maps_flutter-2.18.0\android\src\main\kotlin\com\mapbox\maps\mapbox_maps\annotation\PolylineAnnotationEnumsExtensions.kt:61:88: warning: this API is experimental. It may be changed in the future without notice.
exception:     com.mapbox.maps.extension.style.layers.properties.generated.LineElevationReference.SEA -> LineElevationReference.SEA
exception:                                                                                        ^
exception: c:\Users\saudi\AppData\Local\Pub\Cache\hosted\pub.dev\mapbox_maps_flutter-2.18.0\android\src\main\kotlin\com\mapbox\maps\mapbox_maps\annotation\PolylineAnnotationEnumsExtensions.kt:62:65: warning: this API is experimental. It may be changed in the future without notice.
exception:     com.mapbox.maps.extension.style.layers.properties.generated.LineElevationReference.GROUND -> LineElevationReference.GROUND
exception:                                                                 ^
exception: c:\Users\saudi\AppData\Local\Pub\Cache\hosted\pub.dev\mapbox_maps_flutter-2.18.0\android\src\main\kotlin\com\mapbox\maps\mapbox_maps\annotation\PolylineAnnotationEnumsExtensions.kt:62:88: warning: this API is experimental. It may be changed in the future without notice.
exception:     com.mapbox.maps.extension.style.layers.properties.generated.LineElevationReference.GROUND -> LineElevationReference.GROUND
exception:                                                                                        ^
exception: c:\Users\saudi\AppData\Local\Pub\Cache\hosted\pub.dev\mapbox_maps_flutter-2.18.0\android\src\main\kotlin\com\mapbox\maps\mapbox_maps\annotation\PolylineAnnotationEnumsExtensions.kt:63:65: warning: this API is experimental. It may be changed in the future without notice.
exception:     com.mapbox.maps.extension.style.layers.properties.generated.LineElevationReference.HD_ROAD_MARKUP -> LineElevationReference.HD_ROAD_MARKUP
exception:                                                                 ^
exception: c:\Users\saudi\AppData\Local\Pub\Cache\hosted\pub.dev\mapbox_maps_flutter-2.18.0\android\src\main\kotlin\com\mapbox\maps\mapbox_maps\annotation\PolylineAnnotationEnumsExtensions.kt:63:88: warning: this API is experimental. It may be changed in the future without notice.
exception:     com.mapbox.maps.extension.style.layers.properties.generated.LineElevationReference.HD_ROAD_MARKUP -> LineElevationReference.HD_ROAD_MARKUP
exception:                                                                                        ^
exception: c:\Users\saudi\AppData\Local\Pub\Cache\hosted\pub.dev\mapbox_maps_flutter-2.18.0\android\src\main\kotlin\com\mapbox\maps\mapbox_maps\annotation\PolylineAnnotationEnumsExtensions.kt:64:74: warning: this API is experimental. It may be changed in the future without notice.
exception:     else -> throw(RuntimeException("Unsupported LineElevationReference: $this"))
exception:                                                                          ^
exception: c:\Users\saudi\AppData\Local\Pub\Cache\hosted\pub.dev\mapbox_maps_flutter-2.18.0\android\src\main\kotlin\com\mapbox\maps\mapbox_maps\annotation\PolylineAnnotationEnumsExtensions.kt:76:65: warning: this API is experimental. It may be changed in the future without notice.
exception: fun com.mapbox.maps.extension.style.layers.properties.generated.LineWidthUnit.toFLTLineWidthUnit(): LineWidthUnit {
exception:                                                                 ^
exception: c:\Users\saudi\AppData\Local\Pub\Cache\hosted\pub.dev\mapbox_maps_flutter-2.18.0\android\src\main\kotlin\com\mapbox\maps\mapbox_maps\annotation\PolylineAnnotationEnumsExtensions.kt:77:16: warning: this API is experimental. It may be changed in the future without notice.
exception:   return when (this) {
exception:                ^
exception: c:\Users\saudi\AppData\Local\Pub\Cache\hosted\pub.dev\mapbox_maps_flutter-2.18.0\android\src\main\kotlin\com\mapbox\maps\mapbox_maps\annotation\PolylineAnnotationEnumsExtensions.kt:78:65: warning: this API is experimental. It may be changed in the future without notice.
exception:     com.mapbox.maps.extension.style.layers.properties.generated.LineWidthUnit.PIXELS -> LineWidthUnit.PIXELS
exception:                                                                 ^
exception: c:\Users\saudi\AppData\Local\Pub\Cache\hosted\pub.dev\mapbox_maps_flutter-2.18.0\android\src\main\kotlin\com\mapbox\maps\mapbox_maps\annotation\PolylineAnnotationEnumsExtensions.kt:78:79: warning: this API is experimental. It may be changed in the future without notice.
exception:     com.mapbox.maps.extension.style.layers.properties.generated.LineWidthUnit.PIXELS -> LineWidthUnit.PIXELS
exception:                                                                               ^
exception: c:\Users\saudi\AppData\Local\Pub\Cache\hosted\pub.dev\mapbox_maps_flutter-2.18.0\android\src\main\kotlin\com\mapbox\maps\mapbox_maps\annotation\PolylineAnnotationEnumsExtensions.kt:79:65: warning: this API is experimental. It may be changed in the future without notice.
exception:     com.mapbox.maps.extension.style.layers.properties.generated.LineWidthUnit.METERS -> LineWidthUnit.METERS
exception:                                                                 ^
exception: c:\Users\saudi\AppData\Local\Pub\Cache\hosted\pub.dev\mapbox_maps_flutter-2.18.0\android\src\main\kotlin\com\mapbox\maps\mapbox_maps\annotation\PolylineAnnotationEnumsExtensions.kt:79:79: warning: this API is experimental. It may be changed in the future without notice.
exception:     com.mapbox.maps.extension.style.layers.properties.generated.LineWidthUnit.METERS -> LineWidthUnit.METERS
exception:                                                                               ^
exception: c:\Users\saudi\AppData\Local\Pub\Cache\hosted\pub.dev\mapbox_maps_flutter-2.18.0\android\src\main\kotlin\com\mapbox\maps\mapbox_maps\annotation\PolylineAnnotationEnumsExtensions.kt:80:65: warning: this API is experimental. It may be changed in the future without notice.
exception:     else -> throw(RuntimeException("Unsupported LineWidthUnit: $this"))
exception:                                                                 ^
exception: c:\Users\saudi\AppData\Local\Pub\Cache\hosted\pub.dev\mapbox_maps_flutter-2.18.0\android\src\main\kotlin\com\mapbox\maps\mapbox_maps\mapping\GesturesMappings.kt:51:47: warning: 'increaseRotateThresholdWhenPinchingToZoom: Boolean' is deprecated. This property has no effect
exception:   increaseRotateThresholdWhenPinchingToZoom = increaseRotateThresholdWhenPinchingToZoom,
exception:                                               ^
exception: c:\Users\saudi\AppData\Local\Pub\Cache\hosted\pub.dev\mapbox_maps_flutter-2.18.0\android\src\main\kotlin\com\mapbox\maps\mapbox_maps\mapping\LocationComponentMappings.kt:17:125: warning: parameter 'context' is never used
exception: fun LocationComponentSettingsInterface.applyFromFLT(settings: LocationComponentSettings, useDefaultPuck2DIfNeeded: Boolean, context: Context) {
exception:                                                                                                                             ^
exception: c:\Users\saudi\AppData\Local\Pub\Cache\hosted\pub.dev\mapbox_maps_flutter-2.18.0\android\src\main\kotlin\com\mapbox\maps\mapbox_maps\mapping\LocationComponentMappings.kt:37:32: warning: this API is experimental. It may be changed in the future without notice.
exception:         com.mapbox.maps.plugin.LocationPuck3D(
exception:                                ^
exception: c:\Users\saudi\AppData\Local\Pub\Cache\hosted\pub.dev\mapbox_maps_flutter-2.18.0\android\src\main\kotlin\com\mapbox\maps\mapbox_maps\mapping\LocationComponentMappings.kt:40:26: warning: unnecessary safe call on a non-null receiver of type String?
exception:           puck3D.modelUri?.let { this.modelUri = it }
exception:                          ^
exception: c:\Users\saudi\AppData\Local\Pub\Cache\hosted\pub.dev\mapbox_maps_flutter-2.18.0\android\src\main\kotlin\com\mapbox\maps\mapbox_maps\mapping\LocationComponentMappings.kt:47:47: warning: this API is experimental. It may be changed in the future without notice.
exception:           puck3D.modelCastShadows?.let { this.modelCastShadows = it }
exception:                                               ^
exception: c:\Users\saudi\AppData\Local\Pub\Cache\hosted\pub.dev\mapbox_maps_flutter-2.18.0\android\src\main\kotlin\com\mapbox\maps\mapbox_maps\mapping\LocationComponentMappings.kt:48:50: warning: this API is experimental. It may be changed in the future without notice.
exception:           puck3D.modelReceiveShadows?.let { this.modelReceiveShadows = it }
exception:                                                  ^
exception: c:\Users\saudi\AppData\Local\Pub\Cache\hosted\pub.dev\mapbox_maps_flutter-2.18.0\android\src\main\kotlin\com\mapbox\maps\mapbox_maps\mapping\LocationComponentMappings.kt:49:45: warning: this API is experimental. It may be changed in the future without notice.
exception:           puck3D.modelScaleMode?.let { this.modelScaleMode = it.toModelScaleMode() }
exception:                                             ^
exception: c:\Users\saudi\AppData\Local\Pub\Cache\hosted\pub.dev\mapbox_maps_flutter-2.18.0\android\src\main\kotlin\com\mapbox\maps\mapbox_maps\mapping\LocationComponentMappings.kt:49:65: warning: this API is experimental. It may be changed in the future without notice.
exception:           puck3D.modelScaleMode?.let { this.modelScaleMode = it.toModelScaleMode() }
exception:                                                                 ^
exception: c:\Users\saudi\AppData\Local\Pub\Cache\hosted\pub.dev\mapbox_maps_flutter-2.18.0\android\src\main\kotlin\com\mapbox\maps\mapbox_maps\mapping\LocationComponentMappings.kt:52:54: warning: this API is experimental. It may be changed in the future without notice.
exception:           puck3D.modelElevationReference?.let { this.modelElevationReference = it.toModelElevationReference() }
exception:                                                      ^
exception: c:\Users\saudi\AppData\Local\Pub\Cache\hosted\pub.dev\mapbox_maps_flutter-2.18.0\android\src\main\kotlin\com\mapbox\maps\mapbox_maps\mapping\LocationComponentMappings.kt:52:83: warning: this API is experimental. It may be changed in the future without notice.
exception:           puck3D.modelElevationReference?.let { this.modelElevationReference = it.toModelElevationReference() }
exception:                                                                                   ^
exception: c:\Users\saudi\AppData\Local\Pub\Cache\hosted\pub.dev\mapbox_maps_flutter-2.18.0\android\src\main\kotlin\com\mapbox\maps\mapbox_maps\mapping\LocationComponentMappings.kt:68:46: warning: parameter 'context' is never used
exception: fun LocationComponentSettingsInterface.toFLT(context: Context) = LocationComponentSettings(
exception:                                              ^
exception: c:\Users\saudi\AppData\Local\Pub\Cache\hosted\pub.dev\mapbox_maps_flutter-2.18.0\android\src\main\kotlin\com\mapbox\maps\mapbox_maps\mapping\LocationComponentMappings.kt:112:35: warning: this API is experimental. It may be changed in the future without notice.
exception:         modelCastShadows = puck3D.modelCastShadows,
exception:                                   ^
exception: c:\Users\saudi\AppData\Local\Pub\Cache\hosted\pub.dev\mapbox_maps_flutter-2.18.0\android\src\main\kotlin\com\mapbox\maps\mapbox_maps\mapping\LocationComponentMappings.kt:113:38: warning: this API is experimental. It may be changed in the future without notice.
exception:         modelReceiveShadows = puck3D.modelReceiveShadows,
exception:                                      ^
exception: c:\Users\saudi\AppData\Local\Pub\Cache\hosted\pub.dev\mapbox_maps_flutter-2.18.0\android\src\main\kotlin\com\mapbox\maps\mapbox_maps\mapping\LocationComponentMappings.kt:114:33: warning: this API is experimental. It may be changed in the future without notice.
exception:         modelScaleMode = puck3D.modelScaleMode.toFLTModelScaleMode(),
exception:                                 ^
exception: c:\Users\saudi\AppData\Local\Pub\Cache\hosted\pub.dev\mapbox_maps_flutter-2.18.0\android\src\main\kotlin\com\mapbox\maps\mapbox_maps\mapping\LocationComponentMappings.kt:114:48: warning: this API is experimental. It may be changed in the future without notice.
exception:         modelScaleMode = puck3D.modelScaleMode.toFLTModelScaleMode(),
exception:                                                ^
exception: c:\Users\saudi\AppData\Local\Pub\Cache\hosted\pub.dev\mapbox_maps_flutter-2.18.0\android\src\main\kotlin\com\mapbox\maps\mapbox_maps\mapping\LocationComponentMappings.kt:117:42: warning: this API is experimental. It may be changed in the future without notice.
exception:         modelElevationReference = puck3D.modelElevationReference.toFLTModelElevationReference(),
exception:                                          ^
exception: c:\Users\saudi\AppData\Local\Pub\Cache\hosted\pub.dev\mapbox_maps_flutter-2.18.0\android\src\main\kotlin\com\mapbox\maps\mapbox_maps\mapping\LocationComponentMappings.kt:117:66: warning: this API is experimental. It may be changed in the future without notice.
exception:         modelElevationReference = puck3D.modelElevationReference.toFLTModelElevationReference(),
exception:                                                                  ^
exception: c:\Users\saudi\AppData\Local\Pub\Cache\hosted\pub.dev\mapbox_maps_flutter-2.18.0\android\src\main\kotlin\com\mapbox\maps\mapbox_maps\mapping\ScaleBarMappings.kt:52:19: warning: 'isMetricUnits: Boolean' is deprecated. Use distanceUnits instead.
exception:   isMetricUnits = isMetricUnits,
exception:                   ^
exception: c:\Users\saudi\AppData\Local\Pub\Cache\hosted\pub.dev\mapbox_maps_flutter-2.18.0\android\src\main\kotlin\com\mapbox\maps\mapbox_maps\offline\OfflineController.kt:84:54: warning: unchecked cast: Any? to Map<String, Any>
exception:         callback(expected.toResult { it.toFLTValue() as? kotlin.collections.Map<kotlin.String, kotlin.Any> ?: kotlin.collections.emptyMap() })
exception:                                                      ^
exception: c:\Users\saudi\AppData\Local\Pub\Cache\hosted\pub.dev\mapbox_maps_flutter-2.18.0\android\src\main\kotlin\com\mapbox\maps\mapbox_maps\offline\TileStoreController.kt:116:54: warning: unchecked cast: Any? to Map<String, Any>
exception:         callback(expected.toResult { it.toFLTValue() as? Map<String, Any> ?: emptyMap() })
exception:                                                      ^
exception: c:\Users\saudi\AppData\Local\Pub\Cache\hosted\pub.dev\mapbox_maps_flutter-2.18.0\android\src\main\kotlin\com\mapbox\maps\mapbox_maps\snapshotter\SnapshotterController.kt:86:24: warning: this API is experimental. It may be changed in the future without notice.
exception:     return snapshotter.tileCover(options.toTileCoverOptions(), null).map { it.toFLTCanonicalTileID() }
exception:                        ^
